"New Code","Item Name","Lokasi","STOCK","UOM","Kode QR"
"SPCMAB0007","Batugerinda Potong 14"" 355 x 3 x 25.4 Nippon Resibon","111","10000","EA",""
"SPCMAB0009","Batugerinda A36RVBE (Grey) 205x19x31.75 (8"") Kinik","112","","EA",""
"SPCMAB0008","Batugerinda GC-46KVK (Green) 205 x 19 x 31.75 (8”) Kinik","112","1","EA",""
"SPCMAB0010","Batugerinda Poles - Felt Points FK SPK 0812-3 PFERD","112","108","EA",""
"SPCMAB0005","Batugerinda Poles 4"" 100 x 6 x 16 Nippon Resibon","112","3","EA",""
"SPCMAB0006","Batugerinda Potong 4"" 100 x 3 x 16 Nippon Resibon","112","","EA",""
"SPCMAB0024","Batugerinda Potong 4"" 105 x 2 x 16 Nippon Resibon","112","1","EA",""
"SPWSAB0008","Diamond Dresser D = 1 L = 40 Cone Square Shape (C3A)","112","","EA",""
"SPWSAB0009","Flap Disc PFF 100 A 60 SG-COOL 262771 100 x 14 x 16.0","112","19","EA",""
"SPCMAB0011","Flaring Cup 11A-PA#80K 127 x 45 x 31.75 (5”) Kinik","112","6","EA",""
"SPSPAT0001","Armature Disc p/n 5125-111-001 Warner","113","","EA",""
"SPVPAT0001","Armature type 14.105.08.03 (p/n 8.13.0402.002)","113","","EA",""
"SPCDAM0002","Link Arm J6","113","","EA",""
"SPCDAM0002","Rotor p/n 5104-751-045 Warner (3/4"")","113","","EA",""
"SPYNBA0001","Steel Ball dia. 22 SUS 316L","113","","EA",""
"SPYNBA0002","Steel Ball dia.16 SUS 316L","113","","EA",""
"SPMEBE0213","Bearing 2207 K","121","","EA",""
"SPMEBE0431","Bearing 51102","121","10","EA",""
"SPMEBE0336","Bearing 6206 2Z","121","5","EA",""
"SPMEBE0319","Bearing 6213 RS","121","","EA",""
"SPMEBE0394","Bearing 626 2Z","121","4","EA",""
"SPMEBE0242","Bearing 6300 2RS","121","14","EA",""
"SPMEBE0341","Bearing 6302 RS","121","13","EA",""
"SPMEBE0031","Bearing 6306 2Z","121","5","EA",""
"SPMEBE0265","Bearing 6313 2Z","121","","EA",""
"SPMEBE0008","Bearing AMS 15 ABP","121","","EA",""
"SPMEBE0345","Bearing HK 0509","121","27","EA",""
"SPMEBE0330","Bearing NK 6 / 10T","121","23","EA",""
"SPMEBE0044","Bearing RLS 10 R36 70 / 35 / 17","121","","EA",""
"SPMEBE0344","Pillow Block Flange UCF 308 EK","121","3","EA",""
"SPMEBE0354","Bearing BK-1015 INA","121","33","EA",""
"SPMEBE0385","Bearing 320/28X","122","","EA",""
"SPMEBE0246","Bearing 3204 RS 3170320410 (30 x 47 x 21)","122","7","EA",""
"","Bearing 32208","122","","EA","#CONNECT!"
"SPMEBE0301","Bearing 51105","122","6","EA",""
"SPMEBE0037","Bearing 6003 2Z","122","11","EA",""
"SPMEBE0056","Bearing 6004 RS","122","3","EA",""
"SPMEBE0236","Bearing 6010 RR","122","2","EA",""
"SPMEBE0387","Bearing 6208 RS","122","10","EA",""
"SPMEBE0169","Bearing 6801 Z","122","3","EA",""
"SPMEBE0435","Bearing 6903 RS","122","5","EA",""
"SPMEBE0395","Bearing NATB 5905","122","","EA",""
"SPMEBE0434","Bearing TORR FC30","122","","EA",""
"SPMEBE0250","Bearing ZKLF 2068 2R SPE Merk Ina","122","1","EA",""
"SPMEBE0304","Linier Bearing LBD 10 UU SKF","122","10","EA",""
"SPMEBE0214","Pillow Block UKF 206 FYH","122","","EA",""
"SPMEBE0451","BEARING CSK15PP ASB","122","2","EA",""
"SPMEBE0446","Ball Bearing B7004 Misumi","123","","EA",""
"SPMEBE0009","Bearing 6002 2Z","123","","EA",""
"SPMEBE0221","Bearing 6305 2RS","123","8","EA",""
"SPMEBE0017","Bearing 6309 RS","123","6","EA",""
"SPMEBE0449","Bearing 6800 RS","123","8","EA",""
"SPMEBE0167","Bearing 6801 RS","123","5","EA",""
"SPMEBE0443","Bearing 6804 2Z","123","8","EA",""
"SPMEBE0014","Bearing 6900 Z","123","7","EA",""
"SPMEBE0298","Bearing 6906 2RS","123","4","EA",""
"SPMEBE0052","Bearing FX 06J","123","5","EA",""
"SPMEBE0355","Bearing HK 2020 INA","123","39","EA",""
"SPMEBE0300","Camfollower CFR6-16 Misumi","123","3","EA",""
"SPMEBE0440","Joint Rod Head POS 12","123","","EA",""
"SPMEBE0441","Joint Rod Head POS 12L","123","","EA",""
"SPMEBE0327","Pillow Block P208 Dan Bearing UC208","123","5","Set",""
"SPMEBE0433","Ball Bearing 62/22 2RS NTN","131","2","EA",""
"SPMEBE0211","Bearing 1207 K","131","","EA",""
"SPMEBE0384","Bearing 22209 EK","131","","EA",""
"SPMEBE0038","Bearing 6203 2Z","131","7","EA",""
"SPMEBE0386","Bearing 6208 2Z","131","","EA",""
"SPMEBE0193","Bearing 6308 C3 2Z","131","6","EA",""
"SPMEBE0312","Bearing 6901 Z","131","12","EA",""
"SPMEBE0408","Bearing HK 2520","131","","EA",""
"SPMEBE0428","Bearing SB202G FYH","131","10","EA",""
"SPMEBE0323","Bearing UC 208","131","6","EA",""
"SPMEBE0016","Bearing XLJ 2 J","131","","EA",""
"SPMEBE0419","Lock Washer dia. dalam 25","131","","EA",""
"SPMEBE0424","Pillow Block F206J & Bearing UC 206","131","","EA",""
"SPMEBE0197","Pillow Block FC 206 FYH","131","1","EA",""
"SPMEBE0179","Pillow Block FL 003","131","6","EA",""
"SPMEBE0254","Ball Bearing pn 3160601124","131","6","EA",""
"SPMEBE0388","Adaptor Sleeve H 209","132","","EA",""
"SPMEBE0416","Bearing 31305 J2","132","","EA",""
"SPMEBE0429","Bearing 51202","132","","EA",""
"SPMEBE0407","Bearing 6008 2RS","132","9","EA",""
"SPMEBE0026","Bearing 6009 2Z","132","4","EA",""
"SPMEBE0257","Bearing 607 A","132","8","EA",""
"SPMEBE0432","Bearing 61807 2RS NTN","132","2","EA",""
"SPMEBE0418","Bearing 6301 2Z","132","7","EA",""
"SPMEBE0436","Bearing 6904 2Z","132","","EA",""
"SPMEBE0329","Bearing F 686 2Z NMB","132","11","EA",""
"SPMEBE0335","Bearing HK 5025  incl`d Inner (TR 45 x 50 x 25)","132","","EA",""
"SPMEBE0404","Bearing PHS 6 LA HN70317","132","","EA",""
"SPMEBE0401","Camfollower KR 22 PP","132","","EA",""
"SPMEBE0400","Joint Rod Head POS 8A","132","","EA",""
"SPMEBE0420","Lock Washer dia. dalam 15","132","","EA",""
"SPMEBE0453","BEARING 6008 2Z / VA208","132","6","EA",""
"SPMEBE0363","Bearing 16004","133","","EA",""
"SPMEBE0361","Bearing 16005","133","","EA",""
" ","Bearing 2306 HIC S9012","133","","EA",""
"SPMEBE0023","Bearing 6212 2Z","133","1","EA",""
"SPIPBE0001","BEARING BALL P/N 3160600830","133","","EA",""
"SPMEBE0012","Bearing R 6 Z SSRI 22 / 9 / 6","133","","EA",""
"SPMEBE0055","Bearing RNA NA 6908","133","8","EA",""
"SPMEBE0315","Joint Rod End PHS 30A","133","","EA",""
"SPMEBE0209","Lock Washer dia. dalam 20","133","6","EA",""
"SPMEBE0206","Pillow Block FL207 Dan Bearing UC207","133","5","Set",""
"SPMEBE0264","Pillow Block T 208","133","","EA",""
"SPMEBE0316","Pillow Block UCP 209","133","","EA",""
"SPMEBE0207","Bearing 2306 HIC S9012","133","8","EA",""
"SPMEBE0293","Bearing 1203","141","","EA",""
"SPMEBE0019","Bearing 1204 TNG","141","","EA",""
"SPMEBE0338","Bearing 6005 2Z","141","15","EA",""
"SPMEBE0219","Bearing 625 2Z","141","10","EA",""
"SPMEBE0177","Bearing 6303 2Z","141","6","EA",""
"SPMEBE0033","Bearing 6304 2Z","141","8","EA",""
"SPMEBE0032","Bearing 6306 2RS","141","5","EA",""
"SPMEBE0178","Bearing 6902 ZZ","141","9","EA",""
"SPMEBE0255","Bearing CF12","141","4","EA",""
"SPMEBE0034","Bearing RLS 12 82 / 38 / 19","141","","EA",""
"SPMEBE0062","Bearing UK 308 NTN","141","4","EA",""
"SPMEBE0231","Bearing UKF 308 FYH","141","2","EA",""
"SPMEBE0332","Camfollower KR 32 C12-1","141","4","EA",""
"SPMEBE0447","Iglidur Bearing XSM 4044-30 Igus","141","37","EA",""
"SPMEBE0208","Lock Washer dia. dalam 30","141","20","EA",""
"SPMEBE0053","Bearing 30205","142","6","EA",""
"SPMEBE0029","Bearing 30206 J2 / Q","142","7","EA",""
"SPMEBE0279","Bearing 6201 2Z","142","30","EA",""
"SPMEBE0030","Bearing 6205 2Z","142","4","EA",""
"SPMEBE0027","Bearing 6207 2RS","142","9","EA",""
"SPMEBE0007","Bearing 6903","142","5","EA",""
"SPMEBE0296","Bearing CF 8 A","142","8","EA",""
"SPMEBE0051","Bearing FYTB 35 TF","142","4","EA",""
"SPMEBE0366","Bearing NAX 2030 Z","142","23","EA",""
"SPMEBE0378","Bearing NAX 3030Z Iko","142","24","EA",""
"SPMEBE0426","Bearing UC 204","142","10","EA",""
"SPMEBE0059","Bearing UC 205","142","5","EA",""
"SPMEBE0060","Bearing UC 206","142","4","EA",""
"SPMEBE0421","Pillow Block F 206 J","142","1","EA",""
"SPMEBE0438","Pillow Block UCF 204 JUI","142","6","EA",""
"SPMEBE0039","Bearing 1438 2Z","143","3","EA",""
"SPMEBE0042","Bearing 6007 2Z","143","10","EA",""
"SPMEBE0049","Bearing 6200 2RS","143","9","EA",""
"SPMEBE0005","Bearing 6204 2Z","143","6","EA",""
"SPMEBE0430","Bearing 629 2RS","143","6","EA",""
"SPMEBE0275","Bearing 6300 2Z","143","","EA",""
"SPMEBE0321","Bearing 6310 2Z","143","3","EA",""
"SPMEBE0320","Bearing 6313 RS","143","5","EA",""
"SPMEBE0047","Bearing NK 40 / 30R","143","","EA",""
"SPMEBE0294","Bearing NKX 20 Z 15","143","5","EA",""
"SPMEBE0351","Joint Rod Head SMG 1040","143","11","EA",""
"SPMEBE0050","Pillow Block UCP 205","143","2","EA",""
"SPMEBE0021","Bearing 6000 Z","151","45","EA",""
"SPMEBE0262","Bearing 609 2Z","151","8","EA",""
"SPMEBE0274","Bearing 6202 2Z","151","37","EA",""
"SPMEBE0025","Bearing 6307 2RS","151","5","EA",""
"SPMEBE0022","Bearing 6311 2Z","151","3","EA",""
"SPMEBE0020","Bearing HK 1812","151","8","EA",""
"SPMEBE0048","Bearing SY 20 TF","151","","EA",""
"SPMEBE0061","Bearing UC 207","151","5","EA",""
"SPMEBE0258","Joint Rod Head PHS 8A","151","7","EA",""
"SPMEBE0260","Linier Bearing SDM 16 Ease","151","13","EA",""
"SPMEBE0256","Ball Joint PHS 8","152","13","EA",""
"SPMEBE0018","Bearing 6001 2Z","152","","EA",""
"SPMEBE0455","Bearing 6001 RS","152","","EA",""
"SPMEBE0013","Bearing 6006 2Z","152","7","EA",""
"SPMEBE0024","Bearing 608 2Z","152","17","EA",""
"SPMEBE0036","Bearing MJ 1 1/4J RHP","152","","EA",""
"SPMEBE0223","Bearing NF 210","152","","EA",""
"SPMEBE0244","Bearing RNA NA 4901","152","","EA",""
"SPMEBE0243","Bearing RNA NA 6904","152","6","EA",""
"SPMEBE0259","Joint Rod End RBL 8","152","","EA",""
"SPMEBE0011","Pillow Block FYH UCT 206","152","","EA",""
"SPJCBK0004","Adjuster p/n 001-12-04","153","","EA",""
"SPFMBK0001","Bearing Bowl 140 x 90 x 80  SUS 304","153","","EA",""
"SPSVBK0002","Closing Slide p/n 54786265 dia. 4 x 187","153","1","EA",""
"SPYNBK0005","Female Manifold 3311 10 13 05 Legris","153","","EA",""
"SPVPBK0006","Sliding Part p/n 1140.1201.00.006.003","153","","EA",""
"SPMEFI0018","Air Filter Element p/n 32143-12700","161","","EA",""
"SPMEFI0005","Air Separator Element p/n 32143-12300 AIRMAN SAS37P-55","161","","EA",""
"SPMEFI0199","Air Vent Filter Single Open End 0.2 Micron 10""","161","","EA",""
"SPMEFI0201","Cartridge Filter 0.2 Micron 20""","161","","EA",""
"SPMEFI0200","Cartridge Filter 1 Micron 20""","161","","EA",""
"SPMEFI0193","Catridge Filter 5 micron nominal 20"" DeWater USA","161","17","EA",""
"SPMEFI0004","Filter Cartridge p/n 37438-05601 Airman SAS37P-55","161","","EA",""
"SPMEFI0007","Free Filter p/n 32143-00800 Airman SAS37P-54","161","","EA",""
"SPMEFI0118","Hepa Micretain Filter 12 x 24 x 3","161","","EA",""
"SPMEFI0120","Hepa Micretain Filter 12 x 24 x 5 7/8","161","","EA",""
"SPMEFI0119","Hepa Micretain Filter 24 x 24 x 3","161","","EA",""
"SPMEFI0117","Hepa Micretain Filter 24 x 24 x 5 7/8","161","","EA",""
"SPMEFI0403","Hopper RVS Filling dia. 115/140 x 2000 MM PES18330","161","","EA",""
"SPMEFI0113","Medium Filter 12 x 24 x 22","161","","EA",""
"SPMEFI0129","Medium Filter 12 x 24 x 5","161","","EA",""
"SPMEFI0123","Medium Filter 24 x 24 x 12 Single Frame","161","","EA",""
"SPMEFI0128","Medium Filter 24 x 24 x 5","161","","EA",""
"SPMEFI0121","Pre Filter 12 x 12 x 1","161","","EA",""
"SPMEFI0122","Pre Filter 12 x 24 x 1","161","","EA",""
"SPMEFI0042","Pre Filter 17 x 24 x 2","161","","EA",""
"SPMEFI0043","Pre Filter 20 x 16 x 2","161","","EA",""
"SPMEFI0250","Pre Filter 24 x 24 x 12","161","","EA",""
"SPMEFI0011","Separator p/n 34220-06300 Airman SAS 37P-54","161","","EA",""
"SPMEFI0010","Separator p/n 34220-07500 Airman SAS37P-55","161","","EA",""
"SPJNCY0011","Pneumatic Cylinder DSBC-63-200-PPVA-N3T1 FESTO","161","1","EA",""
"SPMEBO0262","Ball Plunger SPJH 12 / BST12","211","","EA",""
"SPMEBO0009","Baut Anchor Stud p/n 10 asta16/250","211","","EA",""
"SPMEBO0212","Baut Fischer S-8","211","","EA",""
"SPMEBE0153","Baut Hex M 12 x 45 Baja Hitam","211","","EA",""
"SPMEBO0119","Dynabolt M10","211","","EA",""
"SPMEBO0118","Dynabolt M12","211","","EA",""
"SPMEBO0120","Dynabolt M8","211","","EA",""
"SPMEBO0123","Fischer S-4","211","","EA",""
"SPMEBO0121","Fischer S-6","211","","EA",""
"SPMEBO0122","Fischer S-8","211","","EA",""
"SPMEBO0150","Skrup Fischer S-6","211","250","EA",""
"SPMEBO0322","Special Bolt M16 x 35","211","","EA",""
"SPWRBR0004","Brake EFB-2-015 dia. 20 (p/n MB04A-B015-1)","212","","EA",""
"SPIPBR0001","Brake p/n 2565001015","212","2","EA",""
"SPVPBR0001","Brake type 14.115.08.10 24 VDC 16 W (p/n 8.13.0601.002) Lenze","212","","EA",""
"SPMEBS0096","Bushing 1008DUJ 6A (p/n 8.11.1901.011) dia. 12 x 10 x 8","212","","EA",""
"SPMEBS0060","Bushing 1215DUD 1D ( p/n 8.11.1901.019) dia.14 x 12 x 15","212","","EA",""
"SPMEBS0063","Bushing 1220DUJ 2B (p/n 8.11.1901.020) dia. 14 x 12 x 20","212","","EA",""
"SPMEBS0102","Bushing 18 x 15 x 20","212","","EA",""
"SPMEBS0101","Bushing 18 x 20 x 20","212","","EA",""
"SPMEBS0005","Bushing dia. 25 x 12 x 25","212","","EA",""
"SPMEBS0064","Bushing MF1620DU (p/n 8.11.1901.012) dia. 12 x 10 x 10","212","","EA",""
"SPMEBS0027","Bushing Oiless Metal","212","","EA",""
"SPMEBS0023","Bushing p/n 3093519070","212","","EA",""
"SPMEBS0069","Bushing p/n 8.11.1901.014 dia. 12 x 10 x 15","212","","EA",""
"SPMEBS0073","Bushing p/n 8.11.1901.018 dia. 14 x 12 x 12","212","","EA",""
"SPMEBS0067","Bushing p/n 8.11.1901.029 dia. 17 x 15 x 15","212","","EA",""
"SPMEBS0056","Bushing PG060 BJ0-F dia. 8 x 6 x 10","212","","EA",""
"SPMEBS0094","Bushing PG202 220F dia. 22 x 20 x 20 5303","212","","EA",""
"SPMEBS0041","Iglidur Bearing JFM 0810-06 Igus","212","15","EA",""
"SPMEBS0110","Iglidur Bearing XSM 4044-40 Igus","212","","EA",""
"SPMEBS0115","Linear Bushing LHFC20","212","","EA",""
"SPMEBS0022","Linear Bushing LHFCW 10 MISUMI","212","","EA",""
"SPMEBS0007","Linear Bushing LHFS25 Misumi","212","","EA",""
"SPMEBS0044","Needle Bushing 50/58 x 25","212","3","EA",""
"SPMEBS0030","Oil Free Bushing MPBZ40-40 MISUMI","212","","EA",""
"SPKOBR0002","One Way Brake SR20-RH TSUBAKI EMERSON","212","","EA",""
"SPMEBS0052","Slip Bushing  dia. 23 x 20 x 30  Bronze","212","37","EA",""
"SPMEBS0024","Bushing pn 3093519070","212","","EA",""
"SPTACB0004","Analog Monitor Cable R88A-CMK001S Omron","213","1","EA",""
"SPSVBT0001","Battery Inorganic Lithium SL-2361 3,6V size 2/3 AA","213","1","EA",""
"SPSPBT0001","Battery Inorganic Lithium SL-360PV 3,6V AA Germany","213","7","EA",""
"SPSVBT0002","Battery LCR 12V 7,2AH Panasonic","213","","EA",""
"SPPSBT0007","Battery Lithium CR 2032 3 V Panasonic","213","","EA",""
"SPECBT0004","Battery LR44 SONY","213","","EA",""
"SPECBT0008","Battery SR44","213","4","EA",""
"SPTACB0003","Control Cable R88A-CPG001S  Omron","213","","EA",""
"SPTACB0001","Encoder Cable R88A-CRKA003C  Omron","213","","EA",""
"SPJCCB0002","Extension Cable E69-DF5 Omron","213","","EA",""
"SPWRCB0001","Fibre Optic Cable LL3-DB01 Sick","213","5","EA",""
"SPVPCA0021","Filler Cam p/n 1132.0301.00.021.004","213","","EA",""
"SPSVCB0006","Kabel Heater dia. 75 MM2 Insulation Fiber","213","","EA",""
"SPJCCA0005","Master Cam","213","","EA",""
"SPTACB0002","Power Cable R88A-CAKA003S  Omron","213","","EA",""
"SPVPCB0002","Sensor Cable DOL-1204-W02MN Sick","213","3","EA",""
"SPUFCB0001","Sensor Cable DOL-1204-W05M (p/n 6009867) Sick","213","4","EA",""
"SPVPCB0009","Servo Cable XW 2Z-100J-A17 Omron","213","1","EA",""
"SPECCC0066","Auxilliary UN-AX2  MITSUBISHI","221","","EA",""
"SPECCC0095","Contactor CU-38 / 220 V Teco","221","2","EA",""
"SPECCC0107","Contactor DILEM-01-G 24 VDC 3 Ph Coil 220 V Klockner Moeller","221","","EA",""
"SPECCC0121","Contactor HE2AN S-AC 200V AHE2275 NAIS / National","221","","EA",""
"SPECCC0085","Contactor LC1-D09-BD (24VDC) Telemecanique","221","","EA",""
"SPECCC0022","Contactor LC1-D09-M7 (220 VAC) Telemecanique","221","4","EA",""
"SPECCC0061","Contactor LC1-D65M7 (220 VAC) Telemecanique","221","","EA",""
"SPECCC0017","Contactor SK-10 220-240 V 50 - 60 HZ","221","","EA",""
"SPECCC0018","Contactor SK-10 380 V 50 - 60 HZ","221","","EA",""
"SPECCC0054","Contactor SN-35 220 V Mitsubishi","221","2","EA",""
"SPECCC0025","Contactor SN-35 380 V Mitsubishi","221","","EA",""
"SPECCC0056","Contactor SN-50 220V Mitsubishi","221","1","EA",""
"SPECCC0010","Overload LRD-10 (4-6A) Telemecanique","221","1","EA",""
"SPECCC0090","Overload LRD-22 (16-24A) Telemecanique","221","","EA",""
"SPECCC0021","Overload LRD-3353 (23 - 32 A) Telemecanique","221","","EA",""
"SPECCC0097","Overload RHU-10K (21 - 25A) Teco","221","4","EA",""
"SPECCC0067","Overload TH-N20TA 35-45A MITSUBISHI","221","","EA",""
"SPKOCO0001","Silent Solenoid SSD-16 24VDC Kokusai Dengnyo","221","","EA",""
"SPECCC0039","Contactor LC1-D25-M7 (220VAC) Telemecanique","221","2","EA",""
"SPECCC0019","Contactor LC1-D32-M7 (220VAC) Telemecanique","221","4","EA",""
"SPWSCG0171","Bandsaw Blade 27 x 0.9 x 2655 x 5 - 8T Do All","222","3","EA",""
"SPWSCG0074","Bandsaw Blade Penetrator 3 2655 x 1"" x 5-8T  DoAll","222","","EA",""
"SPWSCG0152","Bandsaw Classic LXZ000103 27 x 0.9 x 4/6T x 2655","222","","EA",""
"SPWSCG0089","Mata Bor Beton dia. 10 Joran","222","","EA",""
"SPWSCG0106","Mata Bor Beton dia. 6 Joran","222","3","EA",""
"SPWSCG0088","Mata Bor Beton dia. 8 Joran","222","10","EA",""
"SPWSCG0014","Mata Gergaji 12"" 24TPI Super HSS  Sandflex","222","27","EA",""
"SPMECH0015","Chain Assy Left","223","","EA",""
"SPMECH0016","Chain Assy Right","223","","EA",""
"SPMECH0038","Connecting Link CL 35-1","223","5","EA",""
"SPMECH0003","Connecting Link RS 40-1 MTK","223","5","EA",""
"SPMECH0032","Connecting Link RS 60-1","223","6","EA",""
"SPMECH0018","Offset Link RS 35-1 MTK","223","2","EA",""
"SPMECH0005","Offset Link RS 40-1 MTK","223","5","EA",""
"SPMECH0033","Offset Link RS 60","223","","EA",""
"SPMECH0013","Roller Chain p/n 3120 200 008","223","","EA",""
"SPMECH0017","Roller Chain RS 35-1 MTK","223","","EA",""
"SPMECH0004","Roller Chain RS 40-1 (Roll) MTK","223","","EA",""
"SPMECH0007","Roller Chain RS 40-SA1 EV2L 10 FT-240 link dia. 4 OCM","223","","EA",""
"SPMECK0014","Clamp Heater 12 x 7 x 6 SUS 304","231","","EA",""
"SPMECK0030","Clamp Seling dia. 6 MM","231","","EA",""
"SPMECK0007","Klem Selang  1"" S/S","231","20","EA",""
"SPMECK0004","Klem Selang  1/2"" S/S","231","5","EA",""
"SPMECK0005","Klem Selang  2"" S/S","231","16","EA",""
"SPMECK0008","Klem Selang  3"" S/S","231","14","EA",""
"SPMECK0012","Klem Selang  3/4"" S/S","231","","EA",""
"SPMECK0003","Klem Selang  5"" S/S","231","4","EA",""
"SPMECK0010","Klem Selang  5/8""","231","22","EA",""
"SPMECK0002","Klem Selang  6"" S/S","231","","EA",""
"SPMECK0009","Klem Selang 1 1/2"" S/S","231","28","EA",""
"SPMECK0032","Klem Selang 4""","231","13","EA",""
"SPMECK0017","Cableties 100","232","","EA",""
"SPMECK0019","Cableties 150","232","","EA",""
"SPMECK0015","Cableties 200","232","","EA",""
"SPMECK0016","Cableties 200","232","","EA",""
"SPJNCN0001","Adaptor Nylon Mini Coils 6 MM x 1/4 LG36670656","233","","EA",""
"SPIPCN0001","Cable Entry Protection p/n 09 00 000 5101 Harting","233","","EA",""
"SPVPCL0002","Clutch 14.105.08.10 24 VDC 20 W (p/n 8.13.0604.002) Lenze","233","","EA",""
"SPWRCL0002","Clutch ESC-025 dia. 20 (p/n MB04B-C025-1)","233","1","EA",""
"SPSPCL0001","Clutch SF400 p/n 5104-451-039 Warner","233","","EA",""
"SPIPCN0005","Connector p/n 219010300","233","3","EA",""
"SPIPCN0003","Connector MPM S18209TC321 p/n 5305099002","233","3","EA",""
"SPWRCL0001","Electromagnetic Clutch S.S50-K26 24 V 11W  PE-EI","233","","EA",""
"SPSVCN0004","Power Connector Size 1 (6FX2003-0LU00) Siemens","233","2","EA",""
"SPSVCN0012","Profibus Conector 6ES7 972-OBA42-0XA0 Siemens","233","","EA",""
"SPSVCN0011","Profibus Conector 6ES7 972-OBB42-0XA0 Siemens","233","","EA",""
"SPIPCN0002","Rotary Connector 4A Model 205 (Incld 592 & 595)","233","6","EA",""
"SPYNCN0002","Rotary Connector Model 430 (Incld 55110 & 55251)","233","6","EA",""
"SPSVCN0006","Signal Connector Pins (6FX2003-0SU17) Siemens","233","1","EA",""
"SPKLCO0001","Solenoid Coil MSFG-24dc / 42ac (p/n 803459) Festo","233","","EA",""
"SPSMCO0001","Solenoid Coil MSFW-230AC Festo","233","5","EA",""
"SPSPCN0004","Profibus Connector EMF2133 - IB Lenze","233","","EA",""
"SPSVCN0013","Close Slip Ring Unit SR085-6-4-V14 (p/n 54953601)","233","","EA",""
"SPYNCL0001","Toothed Clutch 546-21-34 Bore 25 MM","233","","EA",""
"SPECCP0019","Capacitor 20UF 250VAC","241","5","EA",""
"SPECCP0001","Capasitor 150-200 mF 220 - 250 V","241","","EA",""
"SPECCP0017","Capasitor 20UF 450VAC","241","","EA",""
"SPECCP0008","Capasitor 22 mF 400 VAC","241","","EA",""
"SPACCP0001","Capasitor 30 MF 400 VAC","241","","EA",""
"SPECCP0009","Capasitor 60 UF 200 VAC Merk MC","241","","EA",""
"SPIPCR0001","Carbon Brush 15 x 10 x 5","241","","EA",""
"SPWSCR0001","Carbon Brush 18 x 7 x 22 With Spring","241","25","EA",""
"SPYNCR0002","Carbon Brush KT-60 6 x 6 x 20","241","","EA",""
"SPSPCR0001","Carbon Brush KT-60 8 x 15 x 22","241","","EA",""
"SPDHCO0001","Solenoid Coil 018F6193 220 / 230 VAC 50 / 60 HZ 10 W BE23","241","","EA",""
"SPJCCO0001","Solenoid Coil type H tape wound 220 V Lead Wire CKD","241","2","EA",""
"SPIPCR0002","Tembaga Brush 20 x 10 x 5","241","65","EA",""
"SPIPEC0004","Resistenace p/n 4470 899 002","241","","EA",""
"SPIPEC0005","Resistenace p/n 4470 899 002","241","","EA",""
"SPYNCT0010","Control Pack SS 32 Oriental","242","","EA",""
"SPVPCT0004","Inverter FRN0.4E1S-4A (0,4 KW 3 Ph)  Fuji Electric","242","","EA",""
"SPWRCT0001","Inverter FR-S540-0.4K (0.4KW 3Ph) MITSUBISHI","242","","EA",""
"SPYNCT0009","Monochrome Controller XBTGC1100T 3/8"" Scheneider","242","","EA",""
"SPTACT0001","Plastic Pull Down Eul 1""-441 p/n 3118825 Rexroth","242","","EA",""
"SPWRCT0005","PLC CPM1A-20CDR-D OMRON","242","","EA",""
"SPYNCT0011","PLC CPM2A-40CDR-A Omron","242","","EA",""
"SPJNCT0002","PLC CPM2A-40CDR-D OMRON","242","","EA",""
"SPYNCT0001","Potensiometer PAVR-20KZ Oriental","242","6","EA",""
"SPACCT0002","Pressurestat HK06U B006","242","","EA",""
"SPSPCT0005","Servo Driver R7D-AP02H OMRON","242","","EA",""
"SPSVCT0005","Simodrive 6SN1112-1AC01-0AA1 Siemens","242","1","EA",""
"SPSVCT0008","Simodrive 6SN1118-0AE11-0AA1 Siemens","242","","EA",""
"SPSVCT0012","Simodrive 6SN1123-1AB00-OHA2 Siemens","242","","EA",""
"SPSVCT0006","Simodrive IP 6SN1123-1AB00-OHA1 Siemens","242","","EA",""
"SPCNCT0002","Speed Control USP 590-2E Oriental","242","1","EA",""
"SPDHCT0006","Speed Controller AXUD90-C  Oriental","242","","EA",""
"SPGLCT0004","Timing Relay TE11-30A  Moeller","242","","EA",""
"SPCDCT0001","Touch Screen AIGT003B1 GT01 HITACHI","242","","EA",""
"SPECCT0019","PLC FP ZigmaC32 AFPG2643H-A/FPG-C32T2H-A Panasonic","242","5","EA",""
"SPGRCW0001","Castor Wheel 6"" Polyurethane","243","","EA",""
"SPMECU0031","Chain Coupling 6022","243","","EA",""
"SPMECU0009","Coupling CPOCG32-10-14 Misumi","243","4","EA",""
"SPMECU0048","Coupling GS9 KTR D-440 Rotex","243","1","EA",""
"SPMECU0060","Coupling MCSLC40-15-16 MISUMI","243","","EA",""
"SPMECU0059","Coupling MCSLCWK 40-12-16 MISUMI","243","2","EA",""
"SPMECU0057","Coupling MOL-25C  8 x 10 NBK","243","","EA",""
"SPVPCV0002","Cover Hopper p/n 14.9105.100.10","243","","EA",""
"SPMECU0008","Flexible Coupling MHW-50C-15*19-KT NBK","243","","EA",""
"SPMECU0043","Flexible Coupling MJT-20C-BL NBK","243","1","EA",""
"SPECCV0001","Flush Mounting Adapter Y92F-30 Omron","243","9","EA",""
"SPMECU0049","Karet Coupling Untuk 1-050","243","10","EA",""
"SPMECU0002","Quick Coupler Set SM40 - PH20","243","1","Set",""
"SPMECU0021","Rubber For Coupling B130 DRC","243","","EA",""
"SPMECU0054","Rubber For Coupling M146235  Rotex","243","10","EA",""
"SPMECU0030","Rubber For Coupling NM-97 dia. 98","243","","EA",""
"SPJCCX0002","Suction Cup  dia. 30 x 14 Polyurethane","243","","EA",""
"SPJCCX0001","Suction Cup  dia. 38 x 14 Rubber","243","","EA",""
"SPJCCX0003","Suction Cup VAS-30-1/8-NBR FESTO","243","","EA",""
"SPMECU0011","Element Coupling Rotex 90","243","3","EA",""
"SPBOCV0003","Sightglass B-8 Klinger","243","1","EA",""
"SPVPCY0001","Actuator ADVC-20-10-I-P FESTO","251","","EA",""
"SPUFCY0003","Air Cylinder CDQ2B40 - 10DCMZ SMC","251","5","EA",""
"SPUFCY0005","Air Cylinder CDQ2WB50-50DCMZ SMC","251","4","EA",""
"SPUFCY0004","Air Cylinder CQ2B32 - 20DZ SMC","251","3","EA",""
"SPVPCY0004","Cylinder Duplikat p/n 1140.1702.00.005.003","251","","EA",""
"SPWRCY0003","Cylinder JG32X5 Chanto","251","3","EA",""
"SPIPCY0004","Cylinder QP3A025A025 Camozzi","251","5","EA",""
"SPPDDO0001","Dop 1/2” Galvanis","251","","EA",""
"SPPDDO0005","Dop 1/2” PVC","251","5","EA",""
"SPPDDO0003","Dop 1” Galvanis","251","5","EA",""
"SPGLDO0001","Dop ST-G 3/4"" 10 bar BEI 295 K-pos 6 (p/n 9703061) Rembe","251","","EA",""
"SPCNCY0001","Double Acting Cylinder DSNU-12-160-P-A Festo","251","1","EA",""
"SPJCCY0007","Guide Unit DFM-12-25-P-A-GF Festo","251","5","EA",""
"SPIPEC0001","IC 75176","251","2","EA",""
"SPIPEC0002","IC AD 706","251","","EA",""
"SPPDPG0001","Plug 1/2"" Galvanis","251","2","EA",""
"SPPDDO0007","Plug 1” Galvanis","251","7","EA",""
"SPIPCY0001","Pneumatic Cylinder ADVU-25-25-P-A-S2 Festo","252","","EA",""
"SPSMCY0006","Pneumatic Cylinder DSBG-50-250-PPVA-N3 Festo","251","","EA",""
"SPIPCY0002","Pneumatic Cylinder DSNU-20-10-P-A Festo","252","1","EA",""
"SPJCCY0005","Pneumatic Cylinder DSNU-20-25PPV Festo","251","3","EA",""
"SPJCCY0004","Pneumatic Cylinder DSNU-20-40-PPV-A-Q Festo","251","5","EA",""
"SPUFCY0001","Pneumatic Cylinder SMC CQ2WB 25-35 D","251","","EA",""
"SPJCCY0006","Pushing Cylinder p/n 001-08-08","251","","EA",""
"SPGEDI0001","Seal Holding Disc p/n 160 102 450 Lowara","251","2","EA",""
"SPSVDI0019","Serrated Disc p/n 56269745","251","1","EA",""
"SPJCGU0002","Side Guide p/n 001-09-15","251","","EA",""
"SPVPDI0008","Spring Rod p/n 1132.1703.00.004.014","251","","EA",""
"SPIPCY0005","Compact Cylinder ADN-40-25-I-PPS-A-S2 Festo","252","12","EA",""
"SPWSED0001","Kawat Las tembaga","253","62","EA",""
"SPCMED0016","Kawat Las 302 dia. 2,5 Goldweld","253","","EA",""
"SPCMED0004","Kawat Las NC-38 dia. 2,6 x 300 MM","253","","EA",""
"SPCMED0002","Kawat Las RB-26 dia. 2,6 MM Kobe Steel","253","","EA",""
"SPCMED0021","Kawat Las Tungsten Electrode dia. 2,4 MM","253","10","EA",""
"SPCMED0010","Kawat Las Tungsten Thorium dia. 1 MM","253","","EA",""
"SPCMED0009","Kawat Las Tungsten Thorium dia. 1,6 MM","253","10","EA",""
"SPPDFL0003","Flange ANSI 150K  4""","253","","EA",""
"SPGEFL0001","Flange dia. 54 x 27","253","","EA",""
"SPVPFN0002","Left Funnel p/n 1140.0801.21.202.023","253","","EA",""
"SPVPFN0001","Right Funnel p/n 1140.0801.21.201.023","253","","EA",""
"SPMEFT0065","Compression Fitting NSC 0640-01 (6 - 1/8) Pisco","311","13","EA",""
"SPMEFT0072","Compression Fitting NSC 0860-02 (8-1/4) Pisco","311","2","EA",""
"SPMEFT0041","Compression Fitting NSC 1075-03 (10 - 3/8) Pisco","311","4","EA",""
"SPMEFT0071","Compression Fitting NSE 0860 Pisco","311","","EA",""
"SPMEFT0069","Compression Fitting NSL 0640-02 (6 - 1/4) Pisco","311","3","EA",""
"SPMEFT0073","Compression Fitting NSL 0860-02 (8 - 1/4) Pisco","311","2","EA",""
"SPMEFT0060","Fitting PRS-1/8 3-B Festo","311","","EA",""
"SPMEFT0057","Fitting QS-1/4-6 Festo","311","2","EA",""
"SPMEFT0005","Fitting QS-1/4-8 Festo","311","21","EA",""
"SPMEFT0050","Fitting QS-1/8-6 Festo","311","6","EA",""
"SPMEFT0014","Fitting QSF-1/4-6 Festo","311","2","EA",""
"SPMEFT0106","Fitting QSL-1/2-10 Festo","311","6","EA",""
"SPMEFT0054","Fitting QSL-1/4-6 Festo","311","","EA",""
"SPMEFT0098","Fitting QSL-1/4-8 Festo","311","","EA",""
"SPMEFT0048","Fitting QSL-1/8-4 Festo","311","14","EA",""
"SPMEFT0022","Fitting QSML-M5-6 Festo","311","7","EA",""
"SPMEFT0028","Fitting QST-6 Festo","311","6","EA",""
"SPMEFT0015","Fitting QST-8 Festo","311","22","EA",""
"SPMEFT0099","Fitting QSY-8 Festo","311","","EA",""
"SPMEFT0047","Speed Control Fitting GRLA-1/4-QS-6-RS-B Festo","311","8","EA",""
"SPMEFT0061","Speed Control Fitting GRLA-3/8-QS-6-RS-B Festo","311","5","EA",""
"SPMEFT0046","Speed Control Fitting GRLA-M5-QS-6-RS-D Festo","311","23","EA",""
"SPMEFT0063","Compression Fitting NSL 0640-01 (6 - 1/8) Pisco","312","7","EA",""
"SPMEFT0025","Fitting KQ2H12-04S  SMC","312","","EA",""
"SPMEFT0077","Fitting LCK-1/8-PK-6 Festo","312","","EA",""
"SPMEFT0103","Fitting QS-1/8-8 Festo","312","22","EA",""
"SPMEFT0017","Fitting QS-3/8-12 FESTO","312","","EA",""
"SPMEFT0055","Fitting QS-3/8-6 Festo","312","8","EA",""
"SPMEFT0097","Fitting QSL-1/4-10 Festo","312","9","EA",""
"SPMEFT0001","Fitting QSL-1/4-12 Festo","312","10","EA",""
"SPMEFT0042","Fitting QSL-1/4-4 Festo","312","8","EA",""
"SPMEFT0090","Fitting QSL-3/8-8 Festo","312","22","EA",""
"SPMEFT0030","Fitting QSLF-1/8-4 Festo","312","17","EA",""
"SPMEFT0031","Fitting QSM-1/8-6 Festo","312","","EA",""
"SPMEFT0007","Fitting QSS-6 Festo","312","7","EA",""
"SPMEFT0008","Fitting QSS-8 Festo","312","9","EA",""
"SPMEFT0033","Fitting QST-1/8-4 Festo","312","","EA",""
"SPMEFT0049","Fitting QSY-6 Festo","312","2","EA",""
"SPECFU0012","Fuse 10 A 250 V","312","","EA",""
"SPECFU0001","Fuse 10 A 400 V ETI (p/n 22110030)","312","","EA",""
"SPECFU0027","Fuse 10A 500V 10 x 38","312","6","EA",""
"SPECFU0002","Fuse 16 A 380 V dia. 4","312","7","EA",""
"SPVPFU0001","Fuse 16A 500V (p/n 83627) dia. 10 x 36","312","17","EA",""
"SPVPGE0008","Gear Head 4GN12.5K Oriental","312","","EA",""
"SPJCGE0004","Gear Head 5GU25KB Oriental","312","","EA",""
"SPMEGE0007","Gear Head M9P75B MNI / Oriental","312","","EA",""
"SPMEFT0043","Speed Control Fitting GRLA-1/8-QS-6-RS-B Festo","312","21","EA",""
"SPYNGE0020","Adjustable Spur Gear M : 2,5 Z : 38 dia. 100 x 12","313","2","EA",""
"SPSPGE0002","Armature Hub p/n 5125-514-004 Warner","313","","EA",""
"SPHSGE0001","Bevel Gear M : 2 Z : 21","313","5","EA",""
"SPIPGE0010","Chain Whell p/n 2750 101 011","313","","EA",""
"SPIPGE0012","Chain Whell p/n 2750 101 021","313","4","EA",""
"SPIPGE0011","Chain Whell p/n 2750 104 025","313","2","EA",""
"SPIPGE0021","Couple Gear 104 x 20 VCN 150","313","","EA",""
"SPMEGE0003","Double Spur Gear Z1 : 20 Z2 : 50 dia. as 8 MM Hard Nylo","313","","EA",""
"SPIPGE0020","Excentric Gear 104 x 20.4 VCN 150","313","1","EA",""
"SPTUGE0002","Helical Gear M :1,25 Z : 55 dia. 76 x 11 POM","313","","EA",""
"SPIPGE0016","Spur Gear lubang 1 sisi VCN (Sesuai Contoh)","313","","EA",""
"SPIPGE0017","Spur Gear Lubang 2 Sisi VCN (Sesuai Contoh)","313","2","EA",""
"SPKOGE0006","Spur Gear M : 1  Z : 40 dia. 42 x 20","313","","EA",""
"SPYNGE0019","Spur Gear M : 1,5 Z : 60 dia. 93 x 24.5","313","1","EA",""
"SPYNGE0012","Spur Gear M : 1.5 Z : 79","313","5","EA",""
"SPYNGE0013","Spur Gear M : 1.5 Z : 80","313","5","EA",""
"SPYNGE0007","Spur Gear M : 1.5 Z : 81 dia. 124","313","4","EA",""
"SPYNGE0003","Spur Gear M : 2 Z : 45 dia. 94 x 27","313","2","EA",""
"SPYNGE0016","Spur Gear M : 2 Z : 60  dia. 119 x 25","313","2","EA",""
"SPYNGE0024","Spur Gear M : 2,5 Z : 31 dia. 82,5 x 25","313","2","EA",""
"SPYNGE0033","Spur Gear M :1 Z : 85 dia. 87 x 20 VCN","313","","EA",""
"SPMEGE0002","Spur Gear Z : 30 dia. as 8 MM  Hard Nylon (POM)","313","","EA",""
"SPJCGE0001","Tensioner Gear M : 1,25 Z : 16 dia. 22,5 x 50","313","","EA",""
"SPSVGE0018","Worm Gear  dia. 25, id=9, z=18, m=1.25 Pom Putih","313","4","EA",""
"SPWSGE0008","Worm Gear dia. 58, Z = 20, M = 5 Bronze","313","1","EA",""
"SPYNGE0026","Adjustable Spur Gear M : 2 Z : 38 dia. 80 x 12","321","7","EA",""
"SPHSGE0002","Bevel Gear M : 2 Z : 18","321","4","EA",""
"SPIPGE0037","Chain Wheel p/n 2750 101 036","321","3","EA",""
"SPIPGE0034","Chain Wheel p/n 2750 104 022","321","3","EA",""
"SPGRGE0002","Dia. 60 x 22 MM x40  gigi searah jarum jam / stopper","321","","EA",""
"SPMEGE0022","Gear 35 B-21","321","","EA",""
"SPIPGE0030","Gear 84 x 30 Z = 40 VCN 150","321","5","EA",""
"SPKOGE0013","Gear Pinion VCN Harden","321","","EA",""
"SPKOGE0003","Helical Gear Z : 14 dia. 43.6 x 50","321","","EA",""
"SPSVGE0017","Planetary Gear PLE 80/90-16/M12/LS2 (p/n 56269712)","321","","EA",""
"SPGRGE0001","Rack Gear  40 x 77 x 601.5 MM","321","","EA",""
"SPGRGE0003","Rack Gear  Z : 35 597 x 40 x 30","321","","EA",""
"SPYNGE0006","Satellite Gear M : 1,5 Z : 80 dia. 160 x 37","321","1","EA",""
"SPGRGE0006","Shaft Rack Gear M : 3 Z :15 dia. 50 x 245","321","4","EA",""
"SPYNGE0036","Shaft Worm Gear VCN 31.6 x 54.8","321","1","EA",""
"SPTAGE0001","Sprocket NS815TR25","321","","EA",""
"SPYNGE0021","Spur Gear M : 2 Z : 28 dia. 60 x 27","321","4","EA",""
"SPYNGE0015","Spur Gear M : 2 Z : 30 dia. 64","321","2","EA",""
"SPYNGE0011","Spur Gear M : 2 Z : 30 dia. 64 x 20","321","3","EA",""
"SPYNGE0001","Spur Gear M : 2 Z : 38 dia 80 x 25","321","5","EA",""
"SPYNGE0022","Spur Gear M : 2,5 Z : 38 dia. 100 x 27","321","","EA",""
"SPYNGE0035","Spur Gear RS 40 Z = 26 T","321","1","EA",""
"SPMEGE0021","Worm Gear dia. 80.5 x 25 MM Bronze","321","1","EA",""
"SPIPGE0039","CHAIN WHEEL P/N 2750 101 088","321","4","EA",""
"SPBMGL0005","Lem Aica Aibon (Galon)","322","","EA",""
"SPBMGL0014","Lem Fulloc","322","49","EA",""
"SPBMGL0003","Lem Pipa Isarplas (Kaleng)","322","","EA",""
"SPBMGL0001","Lem Plastic Steel Devcon","322","","EA",""
"SPBMGL0004","Lem Power Glue","322","","EA",""
"SPMESL0230","Sealent Dow Corning Clear","322","","EA",""
"SPMESL0239","Silicone Sealent Warna Putih","322","","EA",""
"SPWRHA0002","Catridge Heater 220 V - 200 W dia. 8 x 140 MM ILF","323","4","EA",""
"SPMFHA0001","Catridge Heater 250 W - 400 V dia. 6 x 185 MM, Bic","323","11","EA",""
"SPWRHA0003","Catridge Heater 400W - 220V dia. 7.2 x 200 MM ILF","323","11","EA",""
"SPGEHA0011","Catridge Heater 700 W - 230 V dia. 8 x 142 MM","323","8","EA",""
"SPGEHA0010","Catridge Heater 700 W - 230 V dia. 9.8 x 270 MM","323","3","EA",""
"SPSVHA0001","Heater 230 V 200 W  Lokal","323","7","EA",""
"SPSVHA0002","Heater 230 V 600 W Lokal","323","3","EA",""
"SPIPHA0004","Heating Cartridge 110 V 350 W dia. 10 x 360","323","2","EA",""
"SPIPHA0003","Heating Cartridge 110 V 800 W dia. 25 x 570","323","","EA",""
"SPWRHA0001","Heating Cartridge 220 V 200 W dia. 6.5 x 120","323","5","EA",""
"SPECHA0003","Heating Cartridge 220 V 300 W dia.19 x 150,5","323","","EA",""
"SPJCHA0004","Heating Cartridge 220 V 500 W dia. 10 x 250","323","","EA",""
"SPECHA0005","Heating Cartridge 220 V 500 W dia. 12,5 x 100 (Kabel 30 CM)","323","","EA",""
"SPSPHA0005","Heating Cartridge 220 V 600 W dia. 8 x 290","323","","EA",""
"SPVPHA0001","Heating Cartridge 48 V 175 W dia. 6,25 x 120 Vertical","323","","EA",""
"SPVPHA0002","Heating Cartridge 48 V 175 W dia. 6,25 x 134 Horizontal","323","","EA",""
"SPSCHA0004","MI Heater C/W Thermocouple 315 W 230 V","323","","EA",""
"SPUFHA0001","Strip Heater 900 W - 230 V 238 x 64 MM,Galvanis Plate","323","4","EA",""
"SPSTHA0002","Tubular Heater 220 V 500 W dia. 17 x 500","323","","EA",""
"SPIPHA0007","Cartridge Heater 1000 W 110 V dia. 23.9 x 675 MM ILF","331","2","EA",""
"SPIPHA0006","Cartridge Heater 1000 W 110 V dia. 24.8 x 675 MM ILF","331","","EA",""
"SPSCHA0003","Catridge Heater dia. 15.5 x 185 MM 350 W 110 V","331","","EA",""
"SPIPHA0001","Heating Cartridge 110 V 350 W dia. 10 x 360","331","","EA",""
"SPKOHA0002","Heating Cartridge 1200 W - 200 V 3 Ph dia. 28 x 600 MM","331","","EA",""
"SPKOHA0001","Heating Cartridge 1500 W dia. 30 x 600","331","","EA",""
"SPJCHA0003","Heating Cartridge 220 V 150 W dia. 12 x 66","331","","EA",""
"SPJCHA0001","Heating Cartridge 220 V 300 W dia. 7,5 x 200","331","6","EA",""
"SPYNHA0002","Heating Cartridge 420 V 1200 W dia. 19 x 360","331","1","EA",""
"SPIPHA0002","Heating Cartridge W/ Thermocouple 110 V 800 W","331","1","EA",""
"SPYNHA0003","Heating Cartridge W/ Thermocouple 380 V 1200 W","331","10","EA",""
"SPGEHA0001","ILF Finned Air Heater W. Foam 1000 W,240 V,8.2 x 240 MM","331","","EA",""
"SPSCHA0002","Nozzle Heater 150 W 220 V O.D = 44 MM,I.D = 39 MM","331","","EA",""
"SPSCHA0001","Nozzle Heater 200 W 220 V O.D = 44 MM,I.D = 39 MM","331","","EA",""
"SPACHA0003","Screw Imersison Heater 3000 W - 220 V 11,2x215 MM SUS304","331","","EA",""
"SPOVHA0001","Spiral Heater 220 V 1000 W","331","","EA",""
"SPECHA0006","Tubular Heater 220 V 3300 W","331","","EA",""
"SPPIPP0024","Heat Pipe p/n 4475 099 003","331","","EA",""
"SPPIPP0025","Heat Pipe p/n 4475 099 013","331","","EA",""
"SPIPHD0003","BRUSH HOLDER P/N 4495099002","331","6","EA",""
"SPIPHA0005","Catridge Heater 350W 110V dia 9.8x365 mm ILF","331","5","EA",""
"SPUFKF0004","Back Blade p/n 309860604","332","","EA",""
"SPJCKF0001","Bestpack Knife 65 x 29.75 x 1.4 HSS","332","26","EA",""
"SPSVKF0007","Counter Cross Flat 420 x 25 x 6","332","","EA",""
"SPSVKF0008","Counter Cross Perforate 420 x 25 x 6","332","","EA",""
"SPSVKF0014","Counter Holder p/n 56269719 25/6 x 420","332","","EA",""
"SPIPJO0002","Coupling Joint p/n 3320820050","332","","EA",""
"SPIPJO0003","Coupling Joint p/n 3320865220","332","","EA",""
"SPSVKF0001","Cross Knife p/n 56269651 420 x 29 x 6","332","9","EA",""
"SPIPHD0002","Electrode Holder PS-3S-AP OMRON","332","","EA",""
"SPUFKF0003","Final Cutting Blade - Perforasi - Komix Herbal","332","8","EA",""
"SPGEJO0001","Flexible Joint FJ-0-8 208C CKD","332","","EA",""
"SPYNKF0007","Horizontal Knife 250 x 47 x 9","332","3","EA",""
"SPSPKF0003","Horizontal Knife 290 x 26 x 6","332","","EA",""
"SPJCKF0002","Horizontal Knife 312 x 30 x 5","332","8","EA",""
"SPIPKF0005","Horizontal Knife p/n 2460204003","332","","EA",""
"SPSPKF0008","Horizontal Support 290 x 20 x 6 SKD11","332","","EA",""
"SPIPKF0003","I - Cut Knife p/n 2460 301 001","332","","EA",""
"SPSVKF0010","I Notch Blade (8 line) 420 x 28 x 6","332","","EA",""
"SPYNKF0006","I Notch Blade 25 x 16 x 6","332","6","EA",""
"SPVPKF0005","Knife Left Outside S130 p/n 1132.1201.00.012.004","332","","EA",""
"SPVPKF0010","Knife Left Outside S130 shape L","332","","EA",""
"SPVPKF0011","Knife Right Inside S140 shape P","332","","EA",""
"SPVPKF0004","Knife Right Outside S130 shape L (p/n 1132.1201.00.001.004)","332","","EA",""
"SPHSHD0001","Left Anvil Holder A-55 A Cyclops","332","","EA",""
"SPFMKF0002","Loup Blade dia. 76 x 170","332","","EA",""
"SPYNKF0002","Notch Counter  64 x 25 x 25","332","","EA",""
"SPSVKF0011","Notch Counter (8 line) 420 x 23 x 7.5","332","","EA",""
"SPIPKF0007","Pisau Horizontal Ilapak 370 x 30 x 5","332","","EA",""
"SPIPKF0014","Pisau Perforasi Ilapak 60 x 22 x 16 MM","332","","EA",""
"SPUFKF0001","Pisau Potekan 40 x 23 x 3 MM HSS","332","14","EA",""
"SPIPKF0009","Pisau Vertical w/ 1 Hub Ilapak 60 x 22 x 16 mm HSS","332","1","EA",""
"SPYNKF0001","Receiving Blade Vertical","332","19","EA",""
"SPHSHD0002","Right Anvil Holder A-55 B Cyclops","332","","EA",""
"SPJCKI0005","Service Kit p/n 272290","332","","EA",""
"SPWRKF0001","Shearing Knife 308 x 44 x 8 SKD11","332","3","EA",""
"SPYNJO0002","Single Universal Joints 940F MA32","332","1","EA",""
"SPYNKF0005","Slitting Blade","332","19","EA",""
"SPSVKF0002","Slitting Blade  35 x 9 x 9","332","7","EA",""
"SPSVKF0005","Slitting Shim  0,2 MM","332","64","EA",""
"SPSCKF0002","Straight Knife (V-Cut Bar) 110 x 9 x 4 MM Solid BC","332","","EA",""
"SPSPKF0005","Support Pisau Perforate 290 x 25 x 6 (2 side)","332","","EA",""
"SPSCKF0001","V-Cut Knife 110 x 9 x 4 MM Solid BC","332","","EA",""
"SPVPKF0020","V-Cut Punch Hexagon T : 2 P : 50 berlubang","332","","EA",""
"SPIPKF0015","Bantalan Ilapak 60 x 26 x 7 mm HSS","332","","EA",""
"SPIPKF0010","I-Cut Knife p/n 2460 201 035","332","","EA",""
"SPIPKF0013","Bantalan Pisau Vertical Ilapak 60 x 26 x 7 mm HSS","332","","EA",""
"SPUFKF0005","Pisau Potekan material TCT 40 x 23 x 3 mm","332","14","EA",""
"SPIPKF0017","Pisau I Cut material HSS","332","16","EA",""
"SPPIKN0007","Keni  3/4"" Galvanis","333","7","EA",""
"SPPIKN0014","Keni 1 1/2"" PVC","333","","EA",""
"SPPIKN0008","Keni 1"" Galvanis","333","1","EA",""
"SPPIKN0011","Keni 1” PVC","333","","EA",""
"SPPIKN0013","Keni 3"" PVC","333","","EA",""
"SPPIKN0012","Keni Drat Dalam  3/4"" PVC","333","","EA",""
"SPPIKN0027","Knee 1 1/4"" Galvanis","333","5","EA",""
"SPPIKN0021","Knee 3/4"" PVC","333","","EA",""
"SPPIKN0048","KENI 1/2"" PVC","333","17","EA",""
"SPPIKN0044","KENI 1/2"" GALVANIS","333","5","EA",""
"SPECLM0001","Bohlam E27 MIG-50 24 V 60 W Chiyoda","341","","EA",""
"SPECLM0020","Bohlam Rotary Led 220 V 8W","341","","EA",""
"SPWSLM0002","Halogen Lamp 64445U 24 V 50 W UV Stop OSRAM","341","3","EA",""
"SPWRHI0002","Hinge HHKS25 SUS 304 MISUMI","341","","EA",""
"SPECLM0008","Indicator Lamp  AL6-P 24 V LDEC","341","","EA",""
"SPECLM0062","Indicator Lamp 12V 5W Bayonet Type","341","4","EA",""
"SPRMLM0002","Indicator Lamp 220 V 24 W Bayonet","341","3","EA",""
"SPSVLM0002","Indicator Lamp 24 / 30 V 2 W","341","6","EA",""
"SPVPLM0003","Indicator Lamp EBT 28V 40 MA","341","","EA",""
"SPGEKI0009","Kit Centrifugal Pump Purified Water pn 9611922375","341","","EA",""
"SPECLK0002","Kunci Panel JHA-2033-1 JYHuei","341","","EA",""
"SPECLM0009","Lampu 220 V","341","","EA",""
"SPECLM0012","Lampu Indikator Bening","341","8","EA",""
"SPSPLM0001","Lampu Pilot XB2 EV444 Red","341","","EA",""
"SPECLM0005","Lampu Pilot XB2 EV445 Yellow","341","","EA",""
"SPECLM0004","Lampu Pilot XB7 EV4 TELEMECANIQUE","341","","EA",""
"SPWRLK0001","Magnet Catches MGCB1 MISUMI","341","","EA",""
"SPYNLM0003","Pilot Lights XB6DV5BB (Yellow) Telemecanique","341","","EA",""
"SPJCLH0001","Push Lever p/n 001-08-07","341","","EA",""
"SPECLM0015","Rotating Signal Light MLG – Red 220 V AUTONICS","341","","EA",""
"SPGEKI0004","Service Kit Actuator LKLA 85 NC 25-63.5 9611923010","341","1","Kit",""
"SPGEKI0008","Kits liquid ring pump (storage) pn 9611921081","341","1","Kit",""
"SPGEKI0003","Service Kit Actuator LKLA-85-NC-65-80 9611923021","341","1","Kit",""
"SPGEKI0010","Service Kit EL Motor DDS1602 E2 11KW 2900RPM","341","","EA",""
"SPECMC0035","MCB 1 Phase 10 A Siemens","342","","EA",""
"SPIPMC0001","MCB Moeler PKZMO-6.3","342","2","EA",""
"SPECMC0009","MCB NC45A C10 10A 3 Ph Merlin Gerin","342","1","EA",""
"SPECMC0002","MCB NC45A C20 20A 3 Ph Merlin Gerin","342","4","EA",""
"SPECMC0011","MCB NC45A C40 40A 3Ph Merlin Gerin","342","","EA",""
"SPECMC0004","MCB NC45A C6 6A 1 Ph Merlin Gerin","342","","EA",""
"SPECMC0005","MCB NC45N C10 10A 1 Ph Merlin Gerin","342","","EA",""
"SPECMC0008","MCB NC45N C16 16A 1 Ph Merlin Gerin","342","5","EA",""
"SPECMC0003","MCB NC45N C16 16A 3 Ph Merlin Gerin","342","2","EA",""
"SPECMC0007","MCB NC45N C25 25A 3 Ph Merlin Gerin","342","2","EA",""
"SPECMC0007","MCB NC45N C25 25A 3Ph Merlin Gerin","342","2","EA",""
"SPECMC0012","MCB NC45N C32 32A 3 Ph  Merlin Gerin","342","","EA",""
"SPECMC0021","MCCB 250A Merlin Gerin","342","","EA",""
"SPMEMT0006","Amperemeter 5Q-96 250 A 5 A","343","","EA",""
"SPMEMT0128","Depth Caliper 527-103 (300 MM) Mitutoyo","343","","EA",""
"SPSPEN0001","Encoder E6B-CWZ6C Omron","343","","EA",""
"SPIPEN0001","Encoder EL63GB25GS5 Merk Eltra","343","2","EA",""
"SPMEMT0075","Flow Meter 1”","343","","EA",""
"SPMEMT0007","Hour Meter TH-142 200 VAC 50 / 60 HZ NAIS","343","1","EA",""
"SPMEMT0100","Manifold Pressure Meter REFCO","343","","EA",""
"SPJCMN0002","Mounting 2 p/n 001-09-13","343","","EA",""
"SPMEMT0141","Ph electrode SenTix 81 WTW","343","","EA",""
"SPMEMT0086","Power Meter PM1200  METSEPM1200  Schneider","343","","EA",""
"SPMEMT0046","Pressure Gauge 0 - 2 kgf / cm2 1/8"" BSPT dia. 2.5""","343","1","EA",""
"SPMEMT0077","Pressure Gauge MA-50-16-1/4 FESTO","343","","EA",""
"SPMEMT0024","Pressure Transmiter S 10 0-0.4Bar 24 VDC 2 Wire Wika","343","","EA",""
"SPMEMT0061","RH Meter XH20P DIXELL","343","","EA",""
"SPMEMT0115","Thermometer Dial 0-300şC inlet 1/2""","343","","EA",""
"SPMEMT0079","Voltmeter 0-500 V 50 HZ USSR","343","","EA",""
"SPMEMT0090","Voltmeter AC 0-300 V class 2,5","343","1","EA",""
"SPSVEN0001","Angle Encoder AWC 5812-1-YBA1DP03PG (p/n 54955154) Fraba Posital GmbH","343","","EA",""
"SPSVEN0002","Angle encoder OCD-DP1C-0012-S060-0CC p/n.54954074","343","2","EA",""
"SPMENI0024","Double Nepel  1/4"" S/S","351","","EA",""
"SPMENI0017","Double Nepel  3/4"" Galvanis","351","7","EA",""
"SPMENI0018","Double Nepel 1 1/4"" Galvanis","351","4","EA",""
"SPMENI0016","Double Nepel 1"" Galvanis","351","9","EA",""
"SPMENI0019","Double Nepel 1/2"" Galvanis","351","","EA",""
"SPMENI0022","Double Nepel 1/2"" PVC","351","","EA",""
"SPMENI0020","Double Nepel 2"" Galvanis","351","5","EA",""
"SPMENI0007","Double Nipple 1/8"" S/S","351","","EA",""
"SPMENI0002","Grease Nipple 10 MM","351","10","EA",""
"SPMENI0008","Nipple Oli 1/4""","351","38","EA",""
"SPSPPT0001","Adjuster Filling Plate 100 x 10","352","","EA",""
"SPCMOG0002","Automotive Grease Top 1 Blue","352","3","EA",""
"SPCMOG0024","Autosol Metal Polish (1 Tube : 75 ML)","352","","EA",""
"SPMEPC0018","Buterfly Valve Gasket 1.5"" EPDM","352","17","EA",""
"SPTAPI0001","Dies Pin dia. 10.43 x 55 VCN Harden","352","","EA",""
"SPUFNZ0001","First Dosing Nozzle p/n 93009050037 Unifill","352","9","EA",""
"SPMEPC0073","Flap dia. 4.5 x 24.5 x 150 Rubber","352","","EA",""
"SPMEPC0091","Gasket p/n 606010269 Unifill","352","","EA",""
"SPMEPC0048","Gland Packing 1/4” PTFE","352","","EA",""
"SPMEPC0060","Gland Packing 5/8” PTFE","352","","EA",""
"SPCHTM0022","Insulating Varnish Drathon 170C","352","","EA",""
"SPCMOG0016","Lithium Grease Drathon 2101","352","","EA",""
"SPMEPC0053","Lower Valve Inlet Seat","352","","EA",""
"SPVPPM0001","Lubrication Pump Electroluber 500 CC","352","","EA",""
"SPJCNZ0002","Nozzle 0.010 p/n 237210D Kepala Nozzle","352","7","EA",""
"SPGENZ0001","Nozzle Nylon (Ada Contoh)","352","","EA",""
"SPCMOG0019","Open Gear & Wire Lube Drathon 280","352","","EA",""
"SPBNPI0019","Pin DL : 10 P : 42 P.ulir : 11 M6","352","","EA",""
"SPBNPI0017","Pin type S2-03 (p/n 224004-34)","352","","EA",""
"SPJCPT0006","Rail Plate p/n 001-08-03","352","","EA",""
"SPUFNZ0002","Second Dosing Nozzle p/n 930090500371 Unifill","352","13","EA",""
"SPVPPT0003","Shim Plate Spacer Motor  T : 0,25 MM for Electric Motor","352","","EA",""
"SPBNPI0012","Special Pin dia. 5 x 70 (SW13) S/S","352","","EA",""
"SPBNPI0027","Spring Pin Dia. 5 x 25","352","5","EA",""
"SPSPPI0001","Spring Pin dia. 3 x 30","352","2","EA",""
"SPBNPI0002","Spring Pin dia. 4 x 40","352","2","EA",""
"SPJSNZ0001","NOZZLE P/N 1011010 NORDSON","352","15","EA",""
"SPIPNZ0001","NOZZLE P/N 2310163012","352","","EA",""
"SPPIRC0038","Reducer  1 1/4"" - 1""","353","6","EA",""
"SPPIRC0017","Reducer  1 1/4"" - 1"" Galvanis","353","6","EA",""
"SPPIRC0008","Reducer  1"" - 3/4"" PVC","353","1","EA",""
"SPPIRC0006","Reducer  2 1/2"" - 1 1/4"" Galvanis","353","","EA",""
"SPPIRC0018","Reducer 1 1/2” - 1” Galvanis","353","","EA",""
"SPPIRC0009","Reducer 1 1/4"" - 1/2"" PVC","353","","EA",""
"SPPIRC0004","Reducer 1"" - 1/2"" Galvanis","353","4","EA",""
"SPPIRC0010","Reducer 1"" - 1/2"" PVC","353","4","EA",""
"SPPIRC0007","Reducer 1"" - 3/4"" Galvanis","353","9","EA",""
"SPPIRC0015","Reducer 1/2"" - 3/4"" PVC","353","3","EA",""
"SPPIRC0026","Reducer PVC dia 1"" - 1.5""","353","","EA",""
"SPMERG0010","Air Regulator B2019-2OG CKD","411","","EA",""
"SPMERG0014","Air Regulator R364L-01-02 Kuroda","411","","EA",""
"SPMERL0075","Power Device Catridge G32A-A420-VD Omron","411","4","EA",""
"SPMERL0029","Relay G2R-1 24VDC 2427W1 Omron","411","4","EA",""
"SPMERL0071","Relay LY2 220VAC Coil 220VAC Omron","411","5","EA",""
"SPMERL0033","Relay MK2P-S 12 VDC 8 Pin Omron","411","","EA",""
"SPMERL0049","Relay MK3P5-I 110 VAC - 11 Pin Omron","411","4","EA",""
"SPMERL0013","Relay MK3P-I 28 VDC - 11 Pin 250 V","411","11","EA",""
"SPMERL0010","Relay MY2 220 / 240 VAC Omron","411","15","EA",""
"SPMERL0034","Relay No 2961105 24 VDC 6 A Phoenix","411","15","EA",""
"SPMERL0066","Servo Relay XW2B-40J6-9A","411","","EA",""
"SPMERL0067","Solid State Relay G3NA-240B (Input 200 - 240 VAC)","411","7","EA",""
"SPMERL0063","Solid State Relay G3NA-240B (Input 5 - 24 VDC) Omron","411","","EA",""
"SPMERL0072","Solid State Relay G3PA-210B-VD (Input 24 VAC) Omron","411","6","EA",""
"SPMERL0047","Thermal Relay RH-35/42 35 - 50 A Teco","411","","EA",""
"SPMERL0027","Solid State Relay SSR-40-DA FOTEK","411","","EA",""
"SPMERL0032","Floatless Relay FLRP301 110 / 220 V 9 V KASUGA","412","","EA",""
"SPMERL0053","Power Device Cartridge G32A-A10-VD DC5-24 Omron","412","5","EA",""
"SPMERL0035","Relay 10 A 250 VAC 24 VDC (p/n 55.32.9.024.0040) FINDER","412","","EA",""
"SPMERL0009","Relay LY2 220 VAC 10 A Coil 24 VDC OMRON","412","9","EA",""
"SPMERL0011","Relay LY4 200 / 220 VAC 10 A 240 VAC OMRON","412","","EA",""
"SPMERL0018","Relay LY4 24 VDC OMRON","412","7","EA",""
"SPMERL0008","Relay MK2P-1 220 VAC 8 Pin Omron","412","28","EA",""
"SPMERL0020","Relay MK2P-I 24 VDC 8 Pin Omron","412","4","EA",""
"SPMERL0015","Relay MY2 24 VDC Omron","412","18","EA",""
"SPMERL0012","Relay MY4 220 / 240 VAC Omron","412","12","EA",""
"SPMERL0014","Relay MY4 24 VDC Omron","412","10","EA",""
"SPMERL0039","Solid State Relay G3F-203S 24 VDC OMRON","412","7","EA",""
"SPMERL0041","Solid State Relay G3FD-X03S 50 VDC out Omron","412","15","EA",""
"SPMERL0073","Solid State Relay G3PA-420B-VD Omron","412","4","EA",""
"SPMERL0046","Thermal Relay RH-35/30 25 - 30 A TECO","412","","EA",""
"SPGERO0002","Bantalan Penarik AluFoil dia. 52 x 22 x 6,5","413","","EA",""
"SPGERO0001","Bantalan Penarik Foil  dia. 69 x 55 x 5,5","413","","EA",""
"SPSVRO0003","Counter Holding Roller p/n 56270180","413","","EA",""
"SPSVRV0001","Filtzring dia. 22 x 10 x 12","413","","EA",""
"SPSPRV0001","Filtzring dia. 40 x 17 x 4","413","","EA",""
"SPJCRO0003","One Way Roller Brass","413","15","EA",""
"SPMERO0009","Pick Up Roller","413","","EA",""
"SPMERO0010","Pick Up Roller G2 dia. 12,5 x 112","413","","EA",""
"SPMERO0008","Print Pressure Roller D8","413","","EA",""
"SPMERO0011","Roller  dia. 19 x dia. 6 x 60 u/ Moriko","413","","EA",""
"SPWRRO0001","Roller dia. 20.2 x 335.5 Rubber Line","413","","EA",""
"SPJCRO0002","Small Roller Assembly Rubber","413","4","EA",""
"SPMERO0012","Transfer Roller J13","413","","EA",""
"SPSVSC0001","Auger pitch 11 (p/n 5629 7061) dia. 10,6 x 400","421","","EA",""
"SPSPSC0008","Auger Pitch 11 (T 0,8) dia. 10,6 x 400 SUS 316","421","","EA",""
"SPSPSC0004","Auger pitch 11 dia. 10,6 x 400","421","","EA",""
"SPSPSC0003","Auger pitch 12 dia. 24 x 300","421","","EA",""
"SPSPSC0001","Auger pitch 5 dia.15 x 300","421","","EA",""
"SPSVSC0009","Auger Pitch 9 dia. 8,72 x 431 SUS 316","421","","EA",""
"SPSVSC0003","Auger pitch 9 dia. 8.6 x 431","421","","EA",""
"SPYNSC0001","Ball Screw BSS2510-300 MISUMI","421","","EA",""
"SPMERW0115","Base Ring dia. 40 x 5","421","","EA",""
"SPSVSC0008","Dosage Auger Pitch 10 dia. 9.8 x 400 MM SUS316","421","","EA",""
"SPSVSC0005","Dosage Auger Pitch 6 (p/n 56515081) dia. 10 (9.7)","421","","EA",""
"SPMERW0110","Guide Ring p/n 300030010 Unifill","421","20","EA",""
"SPMERW0077","Modul Ring dia. 90 x 60 x 30","421","","EA",""
"SPMERW0012","Pife Guiding Ring p/n 1-981-02284","421","","EA",""
"SPMERW0116","Ring Nut dia. 40 x 10","421","","EA",""
"SPMERW0074","Ring p/n 00545102130004030 dia. 80 x 40 x 3","421","","EA",""
"SPMERW0075","Spring Washer dia. 27,9 x 14,2 x 1,4","421","7","EA",""
"SPMERW0122","Stopper Ring dia. 66 x 40,5 x 2","421","","EA",""
"SPMESG0051","Coil Spring SWB 25-40 Misumi","422","2","EA",""
"SPMESG0050","Coil Spring SWF 25-40 Misumi","422","2","EA",""
"SPMESG0048","Coil Spring SWL 25-40 MISUMI","422","10","EA",""
"SPMESG0067","Lever Spring p/n 001-04-14","422","","EA",""
"SPMESG0006","One Way Spring G3","422","","EA",""
"SPMESG0015","Per Tarik 2 x 14 x 60 S/S","422","14","EA",""
"SPMESG0061","Per Tarik dia. kawat 1.5 dia. 12 x 10","422","43","EA",""
"SPMESG0057","Per Tarik dia. kawat 3 dia. 22 x 215 incl`d 2 hooks","422","","EA",""
"SPMESG0155","Per Tekan dia. kawat 0,8 : pitch 5 dia. 13,5 x 42 S/S","422","7","EA",""
"SPMESG0154","Per Tekan dia. kawat 1 ; pitch 5 dia. 13,5 x 42 S/S","422","16","EA",""
"SPMESG0031","Per Tekan dia. kawat 1 dia. 13 x 23","422","4","EA",""
"SPMESG0052","Per Tekan dia. kawat 1.8 pitch 14 dia. 19.8 x 80 MM S/S","422","9","EA",""
"SPMESG0158","Per Tekan dia. kawat 2 ; pitch 10 dia. 29 x 20 SUS","422","","EA",""
"SPMESG0068","Per Tekan dia. kawat 4,5 ; pitch 8 dia. 32 x 60","422","7","EA",""
"SPMESG0125","Per Tekan dia.kawat 0.6 : pitch 4.5 dia. 9 x 28","422","","EA",""
"SPMESG0008","Shim Washer F13","422","","EA",""
"SPMESG0102","Telescopic Absorber p/n 5975 2310 0612","422","","EA",""
"SPMESG0001","Tension Spring C1 dia. 9,67 x 12.5","422","","EA",""
"SPMESG0004","Tension Spring C9 dia. 9,6 x 12","422","","EA",""
"SPMESG0007","Wrap Spring F11","422","","EA",""
"SPMESG0083","Compression Spring FUR 16 – 30 – A Misumi","423","","EA",""
"SPMESG0066","Hommels Spring p/n 001-09-26","423","","EA",""
"SPMESG0163","Per Block dia. kwt 1 : pitch 10 : dia. dalam 21 : panjang 54","423","7","EA",""
"SPMESG0131","Per Tarik dia. kawat 0,5 dia. 3 x 320","423","8","EA",""
"SPMESG0119","Per Tarik dia. Kawat 1 dl : 15 da : 13 t : 1 p : 160","423","8","EA",""
"SPMESG0128","Per Tarik dia. kawat 2 dia. 12 x 10 S/S","423","","EA",""
"SPMESG0097","Per Tarik dia. kawat 2,5 dia. 22 x 140","423","9","EA",""
"SPMESG0058","Per Tarik dia. kawat 3 dia. 22x145 (incld 2 hook)","423","","EA",""
"SPMESG0060","Per Tarik dia. kawat 3 dia. 22x165 (incld 2 hook)","423","","EA",""
"SPMESG0164","Per Tekan 1.5 x 20 x 45 S/S","423","14","EA",""
"SPMESG0108","Per Tekan 2 x 18 x 34 S/S","423","2","EA",""
"SPMESG0167","Per Tekan 20 x 21 x 70 MM pitch 9 SUS 316L","423","","EA",""
"SPMESG0166","Per Tekan dia. kawat 0.8 pitch 5, dia. 12 x 45 MM S/S","423","12","EA",""
"SPMESG0080","Per Tekan dia. kawat 1 dia. 16.5 x 35 SUS304","423","9","EA",""
"SPMESG0142","Per Tekan dia. kawat 1,2 :  pitch 10 dia. 23 x 45 S/S","423","48","EA",""
"SPMESG0165","Per Tekan dia. kawat 1.5 pitch 8, dia. 20 x 50 MM S/S","423","5","EA",""
"SPMESG0030","Per Tekan dia. kawat 2,5 dia. 20 x 60","423","3","EA",""
"SPMESG0019","Per Tekan dl: 24 da : 21 p : 120","423","26","EA",""
"SPMESG0078","Poppet Spring Inlet p/n 26","423","17","EA",""
"SPMESG0065","Push Spring p/n 001-08-09","423","","EA",""
"SPMESG0123","Shock Absorber GSS-18090A MISUMI","423","","EA",""
"SPMESG0103","Telescopic Absorber  p/n 5975 2310 1432","423","","EA",""
"SPMESG0140","Per Tekan dia. kawat 1 ; pitch 10 dia. 22 x 100","423","3","EA",""
"SPVPSH0020","Hollow Shaft dia. 30 x 108","431","","EA",""
"SPVPSH0021","Knife Shaft dia. 18 x 430","431","","EA",""
"SPJCSH0004","Linear Shaft p/n 001-04-11","431","","EA",""
"SPIPSH0002","Linear Shaft SFAN10-70-F10-B7-P8 MISUMI","431","","EA",""
"SPYNSH0003","Linear Shaft SFJ20-255 MISUMI","431","","EA",""
"SPJCSH0002","Pusher Shaft p/n 001-08-04","431","","EA",""
"SPVPSH0009","Shaft Gear Filling p/n 1300.0301.01.009.004","431","","EA",""
"SPIPSH0003","Shaft p/n 2010101055","431","","EA",""
"SPIPSH0006","SHAFT p/n 2010163004","431","","EA",""
"SPIPSH0007","Shaft Pneumatic","431","12","EA",""
"SPTUSH0003","Shaft Straight p/n 08-3800-09-07 Welden","431","","EA",""
"SPJCSH0001","Spring Shaft p/n 001-08-10","431","","EA",""
"SPIPSH0001","Universal Shaft Joint","431","","EA",""
"SPJNSK0001","Plug Socket KME-1-24-2.5-LED FESTO","432","","EA",""
"SPVPSK0010","Plug Socket KMYZ-1-24-2,5  FESTO","432","","EA",""
"SPVPSK0011","Socket EE-1006 (Incl'd Cable) Omron","432","3","EA",""
"SPECSK0005","Socket Relay PYF-08A-N 7A  Omron","432","6","EA",""
"SPECSK0006","Socket Relay PYF-14A-N Omron","432","8","EA",""
"SPECSK0004","Socket Timer P2CF08-E (8 Pin) Omron","432","9","EA",""
"SPECSK0003","Socket Timer P2CF11-E (11 Pin) Omron","432","6","EA",""
"SPMESL0359","Advancap Seal dia. 25 x 21 x 4 Greene Tweed","433","","EA",""
"SPMESL0352","Mechanical Seal dia. 16","433","3","EA",""
"SPMESL0321","Mechanical Seal JPL style 15 dia. 12 Food Grade","433","2","EA",""
"SPMESL0317","Mechanical Seal JPL Style 15 dia. 14 Food Grade","433","5","EA",""
"SPMESL0020","Mechanical Seal Single Spring Ceramic - Carbon 25 MM","433","7","EA",""
"SPMESL0195","Mechanical Seal Single Spring Ceramic - Carbon 40 MM","433","1","EA",""
"SPMESL0162","Oil Seal PDY 25","433","","EA",""
"SPMESL0347","Seal DHS 28 / 40 / 7","433","16","EA",""
"SPMESL0157","Seal Kit For H200 p/n 1055414","433","","EA",""
"SPMESL0293","Seal Silicone Food Grade 8 x 26 x 43","433","","EA",""
"SPMESL0090","Seal TC 10 / 19 / 7","433","","EA",""
"SPMESL0221","Seal TC 10 / 20 / 7","433","","EA",""
"SPMESL0342","Seal TC 25 / 47 / 7","433","7","EA",""
"SPMESL0092","Seal TC 28 / 46 / 10","433","","EA",""
"SPMESL0340","Seal TC 35 / 52 / 7 Stefa","433","5","EA",""
"SPMESL0002","Seal TC 38 / 62 / 10","433","10","EA",""
"SPMESL0204","Seal TC 38 / 63,5 / 13","433","","EA",""
"SPMESL0203","Seal TC 38 / 65 / 12","433","","EA",""
"SPMESL0341","Seal TC 55 / 72 / 8 Stefa","433","8","EA",""
"SPMESL0360","Wiper Seal PDU 10F (10/14/4.7) Sakagami","433","","EA",""
"SPMESL0025","Gasket For Butterfly Valve Silicone Red 1 1/2""","441","","EA",""
"SPMESL0024","Service Kit EPDM LKB ISO 25. 1""","441","13","EA",""
"SPMESL0330","Gasket For Valve Steam p/n 307300218 Unifill","441","","EA",""
"SPMESL0151","Gasket p/n 3330637636","441","11","EA",""
"SPMESL0062","Service Kit EPDM LKB ISO 38 pn 9611923029","441","10","EA",""
"SPMESL0041","Mechanical Seal Single Spring Seal 12 x 24 MM","441","1","EA",""
"SPMESL0149","Oil Seal p/n 3330637633 dia. 8 x 15 x 6","441","10","EA",""
"SPMESL0152","Piston Seal pn 3330637641","441","","EA",""
"SPMESL0322","Seal Buterfly Valve 3"" EPDM","441","2","EA",""
"SPMESL0224","Seal DC 25 / 35 / 7","441","7","EA",""
"SPMESL0001","Seal DC 35 / 62 / 10","441","","EA",""
"SPMESL0222","Seal DC 45 / 62 / 10","441","","EA",""
"SPMESL0191","Seal DHS 16 / 24 / 6","441","","EA",""
"SPMESL0037","Seal Ferrule 1"" NBR","441","7","EA",""
"SPMESL0084","Seal Glatt 103 x 124 x.5 x 4.6","441","3","EA",""
"SPMESL0014","25","441","","EA",""
"SPMESL0079","Seal Punch dia. 1” x 1.25” x 8 MM SUS + silicone","441","","EA",""
"SPMESL0292","Seal Punch ID = 25 : OD = 37 : H = 6 : THK = 9 NBR NOK","441","","EA",""
"SPMESL0155","Seal TC 19 / 30 / 5","441","","EA",""
"SPMESL0356","Seal TC 25 / 40 / 7","441","15","EA",""
"SPMESL0091","Seal TC 30 / 47 / 10 Nok","441","16","EA",""
"SPMESL0095","Seal TC 32 / 56 / 10","441","7","EA",""
"SPMESL0089","Seal TC 51 / 53 / 12 (TC558012AE)","441","","EA",""
"SPMESL0248","Seal TC 55 / 68 / 8","441","12","EA",""
"SPMESL0219","Seal TC 95 / 125 / 15","441","","EA",""
"SPMESL0193","Seal UPI 28 / 42 / 10","441","","EA",""
"SPMESL0215","Silicone Gasket dia. 1""","441","2","EA",""
"SPIPSL0001","OIL SEAL P/N 2410263006","441","11","EA",""
"SPMESL0050","Seal Ring SMS EPDM 38","441","15","EA",""
"SPMESL0049","Seal Ring SMS EPDM 25 pn 3131703753","441","6","EA",""
"SPMESL0150","Gasket p/n 3330637637","442","18","EA",""
"SPMESL0324","Mechanical Seal M7N","442","1","EA",""
"SPMESL0323","PS Seal 35 p/n 905037472","442","","EA",""
"SPMESL0325","Seal 68 x 90 x 10 MM","442","1","EA",""
"SPMESL0283","Seal Bin Hopper dia. 4"" Silicone","442","6","EA",""
"SPMESL0326","Seal Butterfly Valve 2"" DN50","442","","EA",""
"SPMESL0336","Seal TC 20 / 35 / 7 (p/n 8090502006)","442","","EA",""
"SPMESL0354","Seal TC 25 / 42 / 7 Double Lip","442","143","EA",""
"SPMESL0228","Seal TC 25 / 44 / 20","442","","EA",""
"SPMESL0093","Seal TC 25 / 45 / 10","442","5","EA",""
"SPMESL0259","Seal TC 28 / 35 / 7","442","","EA",""
"SPMESL0003","Seal TC 30 / 40 / 10","442","","EA",""
"SPMESL0226","Seal TC 30 / 40 / 7","442","9","EA",""
"SPMESL0227","Seal TC 30 / 50 / 9","442","8","EA",""
"SPMESL0159","Seal TC 45 / 68 / 12","442","","EA",""
"SPMESL0250","Seal TC 65 / 88 / 12","442","8","EA",""
"SPMESL0158","Seal TC 65 / 95 / 13 (AE3414F)","442","7","EA",""
"SPMESL0249","Seal TC AE2388A 40 / 62 / 11 Double Lip","442","","EA",""
"SPMESL0358","Seal UPI 15 / 25 / 8","442","31","EA",""
"SPMESL0264","Seal UPI 30 / 40 / 5","442","12","EA",""
"SPMESL0039","Spare Seal 9.468a 2V21E3 p/n 0816 310541 Fristam","442","1","EA",""
"SPMESL0058","Seal Ring EPDM 51 mm ISO Clamp pn 9611991360","442","","EA",""
"SPMESL0060","Seal Ring EPDM 38 mm ISO Clamp 9611991359","442","20","EA",""
"SPMESL0057","Seal Ring EPDM 25 mm ISO Clamp pn 9611991360","442","11","EA",""
"SPMESL0059","Seal Ring EPDM 63.5 ISO Clamp pn 9611991361","442","13","EA",""
"SPMESL0052","Seal Ring SMS EPDM 63.5 pn 3131703793","442","6","EA",""
"SPMESL0063","Service Kit LKB ISO 51 pn 9611923030","442","3","EA",""
"SPMESL0064","Service Kit EPDM LKB ISO 63.5 pn 9611923031","442","","EA",""
"SPMESL0051","Seal Ring SMS EPDM 51 pn 3131703785","442","8","EA",""
"SPMESL0145","Gasket p/n 3330136012","443","32","EA",""
"SPMESL0165","Hollow Seal dia. 1250 x 20 Silicone","443","","EA",""
"SPMESL0351","Mechanic Seal dia. 14","443","","EA",""
"SPMESL0044","Mechanical Seal For Grundfos CRN-10","443","","EA",""
"SPMESL0182","Oil Seal 16 / 28 / 6 (p/n 630083)","443","7","EA",""
"SPMESL0179","Oil Seal 30 / 42 / 8","443","12","EA",""
"SPMESL0257","Seal 20 / 40 / 10 (p/n 75128984326)","443","12","EA",""
"SPMESL0258","Seal DC 20 / 35 / 10","443","","EA",""
"SPMESL0262","Seal DC 20 / 35 / 7","443","6","EA",""
"SPMESL0187","Seal DHS 11.2 / 19.2 / 6","443","","EA",""
"SPMESL0189","Seal DHS 18 / 26 / 6","443","7","EA",""
"SPMESL0245","Seal DHS 35 / 43 / 6.5","443","7","EA",""
"SPMESL0335","Seal TC 14 / 21 / 3 (p/n 8090401006)","443","","EA",""
"SPMESL0276","Seal TC 22 / 35 / 7","443","7","EA",""
"SPMESL0255","Seal TC 24 / 47 / 10","443","7","EA",""
"SPMESL0229","Seal TC 30 / 40,5 / 10,5","443","","EA",""
"SPMESL0113","Seal TC 30 / 52 / 7","443","12","EA",""
"SPMESL0266","Seal TC 38 / 52 / 7","443","6","EA",""
"SPMESL0185","Seal TC 40 / 55 / 7 BAF UD2 SLX7 CFW2","443","14","EA",""
"SPMESL0008","Seal TC 40 / 65 / 12","443","6","EA",""
"SPMESL0263","Seal UPI 28 / 40 / 10 Nok","443","","EA",""
"SPMESL0332","Seal VC 22 / 30 / 4 (p/n 8090401014)","443","8","EA",""
"SPMESL0288","V Ring Seal VA020 NBR","443","19","EA",""
"SPMESL0287","V Ring Seal VA030 NBR","443","22","EA",""
"SPMESL0348","Wiper Seal SDR 16 (16/24/6) SAKAGAMI","443","","EA",""
"SPMESL0153","Valve Seal pn 3330197136","443","8","EA",""
"SPMESL0154","Service Liquid Ring Pump Storage MR185S/199SSS SMS","443","1","EA",""
"SPMESL0004","Seal DC 37 / 62 / 17","451","","EA",""
"SPMESL0346","Seal Pneumatic PSD 40 (40/32/3) Sakagami","451","","EA",""
"SPMESL0013","Seal Punch Atas dia. 1"" x 1 1/4"" x 7,8  PU-St.St","451","","EA",""
"SPMESL0355","Seal TC 10 / 20 / 4","451","","EA",""
"SPMESL0260","Seal TC 15 / 35 / 7","451","13","EA",""
"SPMESL0225","Seal TC 17 / 28 / 7","451","","EA",""
"SPMESL0220","Seal TC 24 / 42 / 7","451","","EA",""
"SPMESL0009","Seal TC 27 / 38 / 6","451","4","EA",""
"SPMESL0005","Seal TC 27 / 52 / 10","451","9","EA",""
"SPMESL0254","Seal TC 28 / 42 / 7","451","6","EA",""
"SPMESL0316","Seal TC 40 / 60 / 7","451","7","EA",""
"SPMESL0319","Seal TC 50 / 72 / 10","451","6","EA",""
"SPMESL0202","Seal TC 50 / 75 / 12","451","","EA",""
"SPMESL0088","Seal TC 53 / 80 / 12 (EA3062E)","451","","EA",""
"SPMESL0101","Seal TC 55 / 35 / 10","451","5","EA",""
"SPMESL0246","Seal UHS 35 / 45 / 6","451","9","EA",""
"SPMESN0004","Silencer U-1/8 Festo","451","9","EA",""
"SPMESN0003","Silencer U-3/8 Festo","451","","EA",""
"SPMESN0006","Silencer U-M5 Festo","451","","EA",""
"SPMESL0164","V-Seal  70 / 80 / 6 Vitton","451","","EA",""
"SPPISO0018","Sock 1 1/4"" PVC","452","10","EA",""
"SPPISO0017","Sock 1"" PVC","452","1","EA",""
"SPPISO0015","Sock 1/2"" PVC","452","3","EA",""
"SPPISO0016","Sock 3/4"" PVC","452","4","EA",""
"SPPISO0002","Sock Drat 1"" Galvanis","452","7","EA",""
"SPPISO0001","Sock Drat 1/2"" Galvanis","452","17","EA",""
"SPPISO0003","Sock Drat 3/4"" Galvanis","452","","EA",""
"SPPISO0013","Sock Drat Dalam 1 1/2"" PVC","452","11","EA",""
"SPPISO0019","Sock Drat Dalam 1 1/4""  PVC","452","2","EA",""
"SPPISO0028","Sock Drat Dalam 1"" PVC","452","6","EA",""
"SPPISO0027","Sock Drat Dalam 1/2"" PVC","452","3","EA",""
"SPPISO0009","Sock Drat Dalam 3"" PVC","452","","EA",""
"SPPISO0008","Sock Drat Dalam 3/4"" PVC","452","10","EA",""
"SPPISO0014","Sock Drat Luar 1 1/4"" PVC","452","8","EA",""
"SPPISO0007","Sock Drat Luar 1/2"" PVC","452","5","EA",""
"SPPISO0006","Sock Drat Luar 1” PVC","452","","EA",""
"SPPISO0005","Sock Drat Luar 3/4"" PVC","452","5","EA",""
"SPPISO0021","Sok Selang 1/2""","452","","EA",""
"SPPISO0022","Sock 1 1/2"" PVC","452","2","EA",""
"SPCNSP0001","Sprocket Gear ANSI35 Type B Z : 11 (dia. 38)","453","","EA",""
"SPYNSP0001","Sprocket Gear ANSI 40 Type A Single Z : 15 (dia. 67)","453","3","EA",""
"SPSTSP0003","Sprocket Gear ANSI35 Type A Single Z : 18 ","453","3","EA",""
"SPCNSP0003","Sprocket Gear ANSI40 Type B Z : 30 (dia. 128)","453","4","EA",""
"SPYNSP0005","Sprocket RS 40 x 1 - 32 Type A (OD = 135, ID = 85, 32 Gigi)","453","2","EA",""
"SPYNSP0003","Sprocket Gear ANSI 40 Type B Z = 20 (Dia. 88)","453","3","EA",""
"SPYNSP0004","Sprocket Gear ANSI 40 Type B Z = 19 (Dia. 83)","453","","EA",""
"SPIPSP0001","SPROCKET P/N 2630101004","453","3","EA",""
"SPYNSS0005","Level Sensor E2K-L26MC1 Omron","511","1","EA",""
"SPJCSS0009","Proximity Sensor E2E-X1R5E1-M1 24 VDC Omron","511","","EA",""
"SPVPSS0004","Proximity Sensor BES 516-324-S4-C - Balluf","511","","EA",""
"SPSVSS0002","Product Sensor CM18-12NPP-KC1 Sick","511","3","EA",""
"SPSPSS0008","Electronic Optic KT5G-2P1111 Sick","511","","EA",""
"SPVPSS0007","Inductive Sensor IE5090 IEB3001-BPOG IFM","511","2","EA",""
"SPCDSS0002","Photo Micro Sensor EE-SX771 (L Shape) Omron","511","6","EA",""
"SPIPSS0002","Electronic Optic KT5W-2P1116 Sick","511","11","EA",""
"SPJNSS0002","Sensor Temperature CPM1A-TS102 Omron","511","","EA",""
"SPCDSS0007","Sensor KT5W-2N1116 SICK","511","","EA",""
"SPSPSS0011","Sensor IM12-04NNS-ZSW1 Sick","511","","EA",""
"SPYNSS0006","Sensor E3S-AD11 Omron","511","1","EA",""
"SPGESS0001","Transmitter Conslab PT100-4-20MA dia. 8.2 x 155 MM","511","","EA",""
"SPYNSS0007","Sensor W1-DNMW1S Win Lenk","511","2","EA",""
"SPIPSS0004","Photomicrosensor EE-SX671 Omron","511","17","EA",""
"SPIPSS0005","Proximity Sensor IM08-04NPS-ZT1 Sick","511","2","EA",""
"SPSVSS0008","Inductive Sensor IFRM 12P1701 Baumer","511","","EA",""
"SPECST0014","Steker Kombinasi T 13 A 250 V","512","","EA",""
"SPECST0001","Steker 1 Ph 10-16 637 2 Pin Uticon, Clipsal","512","12","EA",""
"SPECST0006","Stopkontak Inbow HA0142 1Ph MK","512","2","EA",""
"SPECST0007","Stopkontak 3 Ph P17 16 A 5 Pin 380 V Legrand","512","","EA",""
"SPECST0012","Stopkontak Data MK","512","11","EA",""
"SPECST0011","Stopkontak Telefon MK","512","","EA",""
"SPECST0009","Stopkontak AC 13 A 250 V MK","512","","EA",""
"SPECST0018","Stopkontak 4 Lubang Uticon","512","6","EA",""
"SPECST0003","Steker Kombinasi T 16 A 250 V Uticon","512","","EA",""
"SPECST0017","Stopkontak 3 gang WEJ 78339 Panasonic","512","","EA",""
"SPECST0002","Steker 3 Ph 16 A 5 Pin 380 V Legrand","512","","EA",""
"SPECST0021","Stopkontak 1 Phase 6 Lubang","512","","EA",""
"SPECSU0003","Skun Y dia. 5 MM","512","100","EA",""
"SPECSU0050","Skun Jack Female 1.25 - 250","512","46","EA",""
"SPECSU0051","Skun Jack Female 1.5 - 3","512","41","EA",""
"SPECSW0147","Limit Switch Head ZCK-E67 Telemecanique","513","","EA",""
"SPECSW0001","Floatless Level Switch 61F-G-OTE 61F-11","513","","EA",""
"SPECSW0075","Micro Switch VX-54-1A3 Omron","513","4","EA",""
"SPECSW0003","Pushbutton XB7-EA31 Green Telemecanique","513","8","EA",""
"SPECSW0018","Excaiting Switch WHT 20 20 A 440 V Clipsal","513","","EA",""
"SPECSW0033","Single Iluminated Block ZBVB4 Red Telemecanique","513","","EA",""
"SPECSW0149","Magnet Catches Switch HMGR-T-150 Misumi","513","12","EA",""
"SPECSW0096","OPS Carrier","513","","EA",""
"SPECSW0128","Daily Time Switch H5F-KB Omron","513","","EA",""
"SPECSW0015","Flow Switch FQS-U30G SOGINOMYA","513","","EA",""
"SPECSW0105","Pressure Switch SNS-C-106X Saginomiya","513","3","EA",""
"SPECSW0151","Limit Switch MC2020 0.25A 250VAC Diameter 4 Omron","513","9","EA",""
"SPECSW0007","Saklar Double 10 A 250 VAC MK","521","4","EA",""
"SPECSW0027","Contact Block ZBE-101 TELEMECANIQUE","521","","EA",""
"SPECSW0023","Pushbutton XB2 EA142 (off) merah","521","","EA",""
"SPECSW0014","Selector Switch 2B2-BE 101 10 A 240 V / 3 A 240 V","521","7","EA",""
"SPECSW0013","Micro Toggle Switch 10 A 250 VAC","521","4","EA",""
"SPECSW0143","Switch D4D-1162 OMRON","521","0","EA",""
"SPECSW0031","Pushbutton XB5-AW21 (Warna Hitam) Telemecanique","521","0","EA",""
"SPECSW0122","Discharge Operation Switch 41 V Humphrey","521","0","EA",""
"SPECSW0029","Pushbutton XB5-AW33 (Warna Hijau) Telemecanique","521","5","EA",""
"SPECSW0004","Pushbutton ZB4 BA3 (089574 x 1) Telemecanique","521","5","EA",""
"SPECSW0065","Proximity switch p/n 4210 199 001","521","","EA",""
"SPECSW0066","Proximity Switch p/n 4280 339 013","521","","EA",""
"SPECSW0068","Proximity Switch p/n 4285 017 003","521","","EA",""
"SPECSW0070","Micro Switch K1 1542RA 5 A 125 VAC / 3 A 250 VAC incl`d Socket","522","","EA",""
"SPECSW0074","Micro Switch VX-5-1A2 Omron","522","7","EA",""
"SPJNTC0007","Thermocontrol E5CN-R2MT-500 240VAC  Omron","522","","EA",""
"SPECSW0002","Pushbutton XB7-EA42 Red Telemecanique","522","4","EA",""
"SPECSW0083","Limit Switch ZCKJ-1 TELEMECANIQUE","522","","EA",""
"SPECSW0011","Selector Switch XB5-AD21 (2 pos) TELEMECANIQUE","522","","EA",""
"SPECSW0005","Saklar Tunggal 10 A 250 VAC MK","522","8","EA",""
"SPECSW0069","Limit Switch Z-15GW-22B","522","6","EA",""
"SPECSW0064","Floatless Level Switch 61F-G-PN Omron","522","3","EA",""
"SPECSW0087","Pressure Switch SNS-C110X SOGINOMYA","522","","EA",""
"SPECSW0089","Floatless Level Switch 61F-G1-AP OMRON","522","","EA",""
"SPECSW0082","Limit Switch W1-NJW15106 10 A 125-250 VAC OMRON","523","","EA",""
"SPECSW0030","Pushbutton XB5-AW34 (Warna Merah) Telemecanique","523","7","EA",""
"SPECSW0032","Single Iluminated Block ZBVB3 Green Telemecanique","523","6","EA",""
"SPECSW0120","Top Lid Safety Switch R-3-M5 FESTO","523","8","EA",""
"SPECSW0026","Selector Switch XB5-AD33 (3 pos) TELEMECANIQUE","523","","EA",""
"SPECSW0028","Emergency Stop Button XB5 AS42 TELEMECANIQUE","523","","EA",""
"SPECSW0146","Limit Switch XCKJ-167-H29 Telemecanique","523","","EA",""
"SPECSW0148","Limit Switch ZC - N2255 Omron","523","1","EA",""
"SPECSW0073","Proximity Switch WLL170-N132 Sick","523","3","EA",""
"SPECSW0050","Emergency Stop Button XB5-AS542 (NO - NC) Telemecanique","523","9","EA",""
"SPECTI0008","Timer H5CX-L8 100 - 240 VAC Omron","523","2","EA",""
"SPMETA0010","Isolator 200 A 500 V","531","","EA",""
"SPMETA0001","Isolasi Listrik 20 MM x 3/4"" x 0,18 M","531","24","EA",""
"SPMETA0008","Isolasi Kertas 1""","531","","EA",""
"SPMETA0020","Isolator Tahan Panas (Tanpa Lem)","531","","EA",""
"SPMETA0003","Selongsong Heater  dia. 5","532","","EA",""
"SPMETA0037","Seal Tape dia. 12 MM x 0.10 x 10 M Tombo","532","6","EA",""
"SPMETA0038","Thermaflex  1/4""","532","","EA",""
"SPMETA0006","Selongsong Heater dia. 3","532","4","EA",""
"SPMETA0002","Selongsong Heater dia. 6","532","2","EA",""
"SPMETA0059","Metalishing Tape (Dengan lem)","533","","EA",""
"SPMETA0030","Isolasi Pipa AC Cream  National","533","","EA",""
"SPMETA0065","Isolator Tahan Panas","533","8","EA",""
"SPMETA0058","Alumunium Tape (Tanpa lem)","533","","EA",""
"SPMETA0041","Duct Tape 2"" (Aluminium Dengan Perekat u/ Steam)","533","6","EA",""
"SPJNTC0007","Thermocontrol E5CN-R2MT-500 240VAC Omron","541","","EA",""
"SPVPTC0003","Thermocouple Type K Insert dia. 3 x 25","541","","EA",""
"SPJNTC0010","Thermocontrol E5AN-R3MT-500N AC 100-240 Omron","541","","EA",""
"SPMEMT0088","Counter H7EC-NV-BH 30 VDC Omron","541","3","EA",""
"SPECTI0009","Timer H5CX-A 100 - 240 VAC Omron","541","","EA",""
"SPECTI0001","Timer H3CR-A8 200 - 240 V Omron","541","2","EA",""
"SPKOTI0001","Timer H3Y-2 OMRON","541","1","EA",""
"SPBOTC0001","Thermocontrol E5AZ-R3 OMRON","541","","EA",""
"SPYNTC0002","Thermocontrol SR91-8Y-90-NO SHIMADEN","541","","EA",""
"SPHYTI0001","Timer H3YN-2 12VDC Omron","541","","EA",""
"SPSVTC0001","Thermocontrol KS800-DP Typ  840748030001 PMA","541","","EA",""
"SPJNTI0003","Twin Timer H3CR-F8N 220VAC Omron","541","","EA",""
"SPECTI0006","Thermocontrol E5CN-R2MTC-500 220VAC Omron","541","","EA",""
"SPPITE0006","Tee  1"" Galvanis","542","8","EA",""
"SPPITE0009","Tee 1"" PVC","542","","EA",""
"SPPITE0011","Tee 1 1/2"" PVC","543","3","EA",""
"SPPITE0035","Tee 1 1/4” Galvanis","543","4","EA",""
"SPPITE0005","Tee  3/4"" Galvanis","551","23","EA",""
"SPPITE0008","Tee 1/2"" PVC","551","9","EA",""
"SPPITE0012","Tee 1 1/4"" PVC","551","9","EA",""
"SPPITE0004","Tee 1845 10 10 S/S Legris","551","","EA",""
"SPPITE0007","Tee  1/2"" Galvanis","551","9","EA",""
"SPPITE0010","Tee  3/4"" PVC","551","6","EA",""
"SPPITE0041","Equal Tee 150L BS BSPT 3/8"" SS316 Legris","551","5","EA",""
"SPECTF0006","Trafo 12 A 220 Vin / 48 Vout","552","","EA",""
"SPVPTF0001","Solenoid Trafo 500 220 VAC JOVE (p/n 8.06.0200.001)","552","","EA",""
"SPECTF0005","Trafo  0-220 V in / 0-48 V out 5A","552","","EA",""
"SPLDTF0002","Trafo 5A 220 Vin / 24 Vout","552","","EA",""
"SPYNTF0002","Trafo AT 500JEC-204 Cap 500VA 50/60HZ No. 60464 Tsuruta","552","","EA",""
"SPCOTF0001","Trafo 220 - 380 V 3ph","553","","EA",""
"SPCOTF0002","Trafo 250 VA 380 - 440 Vin / 200 - 220 Vout","553","","EA",""
"SPKOTF0001","Trafo TRH150-21N 150VA Toyogiken","553","","EA",""
"SPCHTM0004","Belt Dresser Drathon 250","611","","EA",""
"SPCHTM0059","Oil Treatment Nulon","611","","EA",""
"SPCHTM0060","Diesel Treatment PROMA","611","","EA",""
"SPCHTM0002","Super Gasketing Coumpound","611","","EA",""
"SPIPTO0001","Probe p/n 2720 101 005","611","","EA",""
"SPCHTM0016","Repair System Stop It","611","","EA",""
"SPCHTM0017","Epoxy Fix Stix Stop It","611","","EA",""
"SPCHTM0024","Contact Cleaner Drathon 150PS","611","6","EA",""
"SPSVOG0003","FGL-2 Food Grade Grease p/n L0232-098 Lubriplate","611","8","Box",""
"SPUFOG0001","Food Grade Grease Purity FG2 Synthetic Petro Canada","611","","EA",""
"SPYNTP0001","Thermocouple Ex Taiwan Cable 178 CM","612","3","EA",""
"SPSPTP0001","Thermocouple RTD PT-100-0 dia. 5 x 48 (Cable - 500 MM)","612","8","EA",""
"SPECTR0002","Krustin Keramik NYLHOC 25 x 22 x 21","612","","EA",""
"SPECTR0003","Krustin Keramik  33 x 28 x 22","612","","EA",""
"SPECTR0004","Krustin 6","612","3","EA",""
"SPECTR0005","Krustin 10","612","2","EA",""
"SPECTR0006","Krustin 12","612","3","EA",""
"SPECTR0009","Terminal Block TB25-12 30 A 125 VAC Tend","612","","EA",""
"SPSPTP0002","Thermocouple RTD PT-100-0 dia. 5,5 x 48 Cable - 500 MM","612","2","EA",""
"SPUFTP0001","Thermoresistance For Mould p/n 307120084","612","","EA",""
"SPUFTP0002","Thermoresistance For Jaws p/n 607010022","612","13","EA",""
"SPIPTP0001","Temp Probe Jaw Sonda PT-100 (p/n 4475 051 001)","612","","EA",""
"SPJNTP0005","Thermocouple RTD PT-100 Terminal KNE - Double Sens","612","1","EA",""
"SPSVTP0006","Thermocouple RTD PT100-0 dia. 1.88 x 1.6 x 3.97 x 155 MM","612","4","EA",""
"SPIPTP0002","Thermocouple PT100 dia. 4 x 190 MM Teflon SS 304","612","5","EA",""
"SPJNTP0002","Thermocouple RTD PT-100 Terminal KSE dia. 6,5 x 145 (Thread dia. 20,5 NPT) Kecil","612","","EA",""
"SPWRTP0004","Thermocouple K/CA 2 Meter + Skun, Screen - Fiber","612","4","EA",""
"SPJNTP0008","Thermocouple RTD KNE Duplex dia. 6.5 x 145 MM ILF","612","2","EA",""
"SPDHTS0002","Thermostat 0-30°C SAGINOMYA","613","0","EA",""
"SPTOTT0002","Magnifier Glass","613","0","EA",""
"SPPIVA0100","Solenoid Valve 200 -2 40 V 1/2"" ALCO","613","0","EA",""
"SPPIVA0213","Globe Valve 3/4""","613","0","EA",""
"SPPIVA0302","Solenoid Valve AB41-03-7-F-2G 220 VAC CKD","613","","EA",""
"SPPIVA0267","Solenoid Valve MOFH-3-1/8 Festo","613","","EA",""
"SPPIVA0176","Globe Valve  1 1/4"" KITZ","613","","EA",""
"SPPIVA0195","Solenoid Valve 200-4E1 Koganei","613","1","EA",""
"SPPIVA0172","Solenoid Valve MFH-5-1/8B Festo","613","5","EA",""
"SPPIVA0171","Presure Regulating Valve 1/2”","613","0","EA",""
"SPPIVA0082","Solenoid Valve US-25 220V 1” UNI-D","613","0","EA",""
"SPPIVA0187","Pump Control Valve p/n 1-999-07594","613","","EA",""
"SPPIVA0291","Solenoid Valve 220 V 50 HZ 3/4"" UNI-D","613","","EA",""
"SPPIVA0236","Solenoid Valve 1/2"" 220 V UNI-D","613","","EA",""
"SPPIVA0108","Solenoid Valve 1 1/2"" UNI-D","613","","EA",""
"SPIPVA0001","VALVE P/N 5300199011","613","5","EA",""
"SPIPVA0002","SOLENOID P/N 5300199003","613","","EA",""
"SPPIVA0203","Ball Valve  1 1/2"" KITZ","621","","EA",""
"SPPIVA0099","Spt contoh u/ Sanitary","621","","EA",""
"SPPIVA0098","Needle Valve Seperti Contoh","621","","EA",""
"SPPIVA0208","Roller Valve R-5-1/4 B FESTO","621","","EA",""
"SPPIVA0209","Ball Valve 3/4""","621","","EA",""
"SPPIVA0211","Globe Valve 1""","621","","EA",""
"SPPIVA0020","Disc Check Valve 1""","621","","EA",""
"SPPIVA0239","Butterfly Valve LKB 31612 Position,EPDM 1.5""","621","","EA",""
"SPPIVA0154","Solenoid Valve 2/2 NC NFX2100 p/n 5300106005 Legris","621","","EA",""
"SPPIVA0155","Solenoid Valve Babina NFH5 Legris p/n 5301006002","621","4","EA",""
"SPPIVA0151","Solenoid Valve 5728400420 24VDC Rexroth","621","5","EA",""
"SPPIVA0170","Solenoid Valve RCS2406 0,2-8 Bar / 2,8-8 KGF/CM 200/220VAC Kuroda","621","1","EA",""
"SPPIVA0220","Check Valve 2""","621","","EA",""
"SPPIVA0244","Ball Valve Screw 3/8"" 800# GMKSS316 Legris","621","5","EA",""
"SPPIVA0021","Disc Check Valve 2""","621","","EA",""
"SPPIVA0156","Solenoid Valve 5/2 572 7400 220 Rexroth","621","11","EA",""
"SPPIVA0212","Globe Valve 1/2""","622","","EA",""
"SPPIVA0227","Check Valve 1/2""","622","","EA",""
"SPPIVA0202","Check Valve 1 1/4"" KITZ","622","","EA",""
"SPPIVA0204","Ball Valve 1/2"" Kitz","622","5","EA",""
"SPPIVA0205","Ball Valve 1"" Kitz","622","","EA",""
"SPPIVA0216","Ball Valve 1” PVC","622","2","EA",""
"SPPIVA0215","Ball Valve 3/4"" PVC","622","3","EA",""
"SPPIVA0219","Ball Valve 1/2"" PVC","622","5","EA",""
"SPPIVA0016","Ball Valve 1 1/2"" (For Steam) Steel","622","4","EA",""
"SPPIVA0024","Steam Trap / Y Strainer 1 1/4"" KITZ","622","","EA",""
"SPPIVA0206","Ball Valve  2"" Kitz","622","1","EA",""
"SPPIVA0294","Float Valve FW-50 KRR KRR","623","","EA",""
"SPPIVA0177","Steam Trap  1""","623","2","EA",""
"SPPIVA0197","Poppet p/n 24","623","","EA",""
"SPPIVA0284","Solenoid Valve MYH-5/2-M5-L-LED 24 VDC FESTO","623","","EA",""
"SPBOTT0001","Gelas Penduga Air 1138 CKD DELTHATHERM","623","","EA",""
"SPPIVA0245","Steam Trap 1/2"" Spirax Thermodynamic","623","","EA",""
"SPPIVA0280","Valve p/n 307300210 Unifill","623","9","EA",""
"SPPIVA0281","Valve dia. 18 MM,tebal 10 MM - p/n 307300210 Lokal","623","20","EA",""
"SPPIVA0282","Solenoid Valve VQC2100-5 SMC","623","1","EA",""
"SPPIVA0085","Pressure Reducing Valve 1""","623","","EA",""
"SPPIVA0159","Solenoid Valve p/n 572 841 042 0 Rexroth","623","","EA",""
"SPPIVA0290","Solenoid Valve SY9120-4LZD-03 SMC","623","2","EA",""
"SPPIWM0008","Watermoer Non Drat  1"" PVC","631","","EA",""
"SPPIWM0004","Watermoer 1/2"" PVC","631","","EA",""
"SPPIWM0002","Watermoer 3/4"" Galvanis","631","6","EA",""
"SPPIWM0001","Watermoer 1/2"" Galvanis","631","3","EA",""
"SPPIWM0009","Watermoer  1"" PVC","631","","EA",""
"SPMEOR0179","O Ring 7.5 x 2.5 NBR","632","11","EA",""
"SPMEOR0083","O Ring p/n 940121 Vitton","632","","EA",""
"SPMEOR0082","O Ring p/n 940111 Vitton","632","","EA",""
"SPMEOR0034","O Ring 70 x 3,5 Vitton","632","3","EA",""
"SPMEOR0127","O Ring 3,5 x 175 Vitton","632","","EA",""
"SPMEOR0130","O Ring 25 x 4","632","30","EA",""
"SPMEOR0090","O Ring p/n 630098 36 x 2 nbr 70 shore","632","21","EA",""
"SPMEOR0129","O Ring 70 x 3 NBR","632","11","EA",""
"SPMEOR0105","O Ring 52 x 5  Vitton","632","2","EA",""
"SPMEOR0148","O Ring 42 x 5 Vitton","632","23","EA",""
"SPMEOR0146","O Ring 42 x 4","632","61","EA",""
"SPMEOR0136","O Ring 26 x 5 Vitton","632","13","EA",""
"SPMEOR0064","O Ring 13 x 3 Vitton","632","27","EA",""
"SPMEOR0114","O Ring 3,5 x 178","632","6","EA",""
"SPMEOR0183","O Ring 175 x 3,5","632","21","EA",""
"SPMEOR0133","O Ring 36 x 5","632","24","EA",""
"SPMEOR0181","O Ring 6 x 1 Vitton","632","11","EA",""
"SPMEOR0160","Centre Block 0-ring p/n 08-3210-55-225- Welden","632","","EA",""
"SPMEOR0107","O Ring 3/8” ID x 1/16”","632","","EA",""
"SPMEOR0039","O Ring 33 x 3.5 Vitton","632","40","EA",""
"SPMEOR0040","O Ring 50 x 3.5 Vitton","632","21","EA",""
"SPMEOR0147","O Ring 44 x 4 Vitton","632","86","EA",""
"SPMEOR0211","O Ring 12 x 1.5 Vitton","632","37","EA",""
"SPMEOR0066","O Ring 11 x 1,5 Vitton","632","6","EA",""
"SPMEOR0043","O Ring 5 x 1,5","632","16","EA",""
"SPMEOR0033","O Ring 44 x 5","633","72","EA",""
"SPMEOR0065","O Ring 13 x 2 Vitton","633","7","EA",""
"SPMEOR0003","O Ring P-2.2","633","","EA",""
"SPMEOR0063","O Ring 85 x 4","633","6","EA",""
"SPMEOR0097","O Ring 35 x 3  Vitton","633","146","EA",""
"SPMEOR0186","O Ring 38 x 5.5  Vitton","633","68","EA",""
"SPMEOR0134","O Ring 30 x 2,5  Vitton","633","18","EA",""
"SPMEOR0135","O Ring 28 x 4  Vitton","633","62","EA",""
"SPMEOR0089","O Ring 50 x 2,5","633","38","EA",""
"SPMEOR0104","O Ring p/n O16","633","","EA",""
"SPMEOR0116","O Ring 3,5 x 102","633","25","EA",""
"SPMEOR0113","O Ring 60 x 2","633","8","EA",""
"SPMEOR0115","O Ring 3,5 x 32","633","25","EA",""
"SPMEOR0171","O Ring 23 x 2.5","633","137","EA",""
"SPMEOR0109","O Ring 19 x 4","633","28","EA",""
"SPMEOR0163","O Ring 56 x 2","633","126","EA",""
"SPMEOR0187","O Ring 53 x 3 Vitton","633","92","EA",""
"SPMEOR0005","O Ring SF7000-56 (p/n 451589)","633","","EA",""
"SPMEOR0086","O Ring p/n 1-981-02285","633","","EA",""
"SPMEOR0075","O Ring 11.89 x 1.98 Vitton","633","","EA",""
"SPMEOR0209","O Ring 4 x 1,5 Vitton","634","2","EA",""
"SPMEOR0095","O Ring  8 x 2 Vitton","634","","EA",""
"SPMEOR0096","O Ring  10 x 2 Vitton","634","44","EA",""
"SPMEOR0087","O Ring  10.3 x 2.3","634","129","EA",""
"SPMEOR0093","O Ring 11 x 2 Vitton","634","8","EA",""
"SPMEOR0167","O Ring 4 x 2 (p/n 8090101001) 11 x 4","634","90","EA",""
"SPMEOR0218","O Ring 6 x 2 Vitton","634","93","EA",""
"SPMEOR0193","O Ring 12 x 2,5 Vitton","634","180","EA",""
"SPMEOR0214","O Ring 12 x 2 Vitton","634","190","EA",""
"SPMEOR0215","O Ring 12 x 2,25 Vitton","634","22","EA",""
"SPMEOR0165","O Ring 1 x 10 (p/n 8/2.1/1) Teflon","634","","EA",""
"SPMEOR0203","O Ring 12,5 x 2,5 Vitton","634","276","EA",""
"SPMEOR0196","O Ring 14 x 2 Vitton","634","43","EA",""
"SPMEOR0192","O Ring 14 x 2,5 Vitton","634","13","EA",""
"SPMEOR0091","O Ring  15 x 11.5 n7og","634","4","EA",""
"SPMEOR0200","O Ring 15.5 x 1.75 Vitton","634","","EA",""
"SPMEOR0201","O Ring 15 x 2 Vitton","634","73","EA",""
"SPMEOR0191","O Ring 15.5 x 2 Vitton","634","63","EA",""
"SPMEOR0173","O Ring 16.3 x 2.4","634","42","EA",""
"SPMEOR0194","O Ring 16 x 2,25 Vitton","634","34","EA",""
"SPMEOR0206","O Ring 16 x 2 Vitton","634","41","EA",""
"SPMEOR0189","O Ring 17 x 2,25 Vitton","634","9","EA",""
"SPMEOR0117","O Ring 17 x 2 Vitton","634","35","EA",""
"SPMEOR0210","O Ring 18 x 2 Vitton","634","61","EA",""
"SPMEOR0205","O Ring 19 x 2,5 Vitton","634","59","EA",""
"SPMEOR0204","O Ring 20 x 2 Vitton","634","","EA",""
"SPMEOR0197","O Ring 20 x 2,5 Vitton","634","51","EA",""
"SPMEOR0199","O Ring 20 x 2.25 Vitton","634","63","EA",""
"SPMEOR0213","O Ring 22 x 2 Vitton","634","41","EA",""
"SPMEOR0112","O Ring 2,5 x 20 (p/n 308124004120) dl : 25 da : 20 t : 2.5","634","2","EA",""
"SPMEOR0162","O Ring 22 x 2","634","","EA",""
"SPMEOR0088","O Ring p/n 630105 30 x 1,5","634","3","EA",""
"SPMEOR0208","O Ring 30 x 2 Vitton","634","29","EA",""
"SPMEOR0094","O Ring 31 x 2.25 Vitton","634","","EA",""
"SPMEOR0195","O Ring 31,5 x 2 Vitton","634","32","EA",""
"SPMEOR0169","O Ring 32 x 1.5","634","48","EA",""
"SPMEOR0184","O Ring 38 x 1.7 Vitton","634","18","EA",""
"SPMEOR0111","O Ring 6 x 1.5","634","","EA",""
"SPMEOR0098","O Ring  40 x 2  Vitton","634","25","EA",""
"SPMEOR0198","O Ring 42 x 2 Vitton","634","10","EA",""
"SPMEOR0180","O Ring 34 x 3","634","9","EA",""
"SPMEOR0190","O Ring 60 x 3  Vitton","634","","EA",""
"SPMEOR0217","O Ring 19 x 3,5  Vitton","634","","EA",""
"SPMEFI0173","Filter Drier DCL-305","641","5","EA",""
"SPMEFI0022","Filter p/n 36580-00200 Airman","641","","EA",""
"SPMEFI0172","Filter Drier DCL-304","641","4","EA",""
"SPMEFI0177","Replacable Filter Drier Core DCR 0485 (Core 48 DC) Danfoss","641","","EA",""
"SPMEFI0296","Fuel Filter p/n FF-1006 (p/n FF-202) PERKINS","641","","EA",""
"SPMEFI0294","Oil Filter p/n LF-670 PERKINS","641","","EA",""
"SPMEFI0295","Bypass Oil Filter LF-777 PERKINS","641","","EA",""
"SPMEFI0116","Filter Drier DCL-306 Eliminator Danfoss","641","","EA",""
"SPMEFI0247","Inline Filter Screen 100 mesh","642","","EA",""
"SPMEFI0241","Oil Filter EFL-252 UNION","642","","EA",""
"SPMEFI0242","Fuel Filter 7111-296 UNION","642","","EA",""
"SPMEFI0115","Filter Drier 5/8""","642","","EA",""
"SPMERG0020","Filter Regulator LFR-1/4-D-Mini FESTO","642","","EA",""
"SPMERG0009","Pressure Regulator Series AS2 R412006128 Rexroth","642","4","EA",""
"SPMEFI0407","Capsule Filter Novasip p/n C3PFRP1","642","","EA",""
"SPMEFI0014","Filter Element HKD 12 A Replacement HF-1-12-4-DGL","643","","EA",""
"SPMEFI0245","Vacuum Filter VAF-PK-6 Festo","643","8","EA",""
"SPMEFI0174","Filter Drier DCL-053","643","","EA",""
"SPMEFI0169","Filter Drier  7/8"" AIRMENDER","643","","EA",""
"SPMEFI0102","Air Filter p/n P582 506 EBS","643","","EA",""
"SPMEFI0103","Main Ink Filter p/n P511295 EBS","643","","EA",""
"SPMEFI0104","Vacum Filter p/n P511 295 EBS","643","","EA",""
"SPMEFI0105","Nozzle Filter p/n P582825","643","","EA",""
"SPMEFI0106","Ink Filter p/n P580 220 EBS","643","","EA",""
"SPMEFI0098","Ink Filter p/n 451 590 HITACHI","643","","EA",""
"SPMEFI0099","PTFE Filter 20 p/n 451 487 HITACHI","643","","EA",""
"SPMEFI0100","Nozzle Flat Filter 75 p/n 451 037 HITACHI","643","","EA",""
"SPDMFO0001","Pelampung Radar ST-70AB","651","6","EA",""
"SPMEBL0076","Flat Belt 60 x 4 warna kuning garis tengah merah","652","","EA",""
"SPMEBL0140","Timing Belt XL 280 (Lebar 15 MM) OPTIBELT","652","","EA",""
"SPMEBL0045","Timing Belt XL 106","652","","EA",""
"SPMEBL0043","Timing Belt XL 80","652","","EA",""
"SPMEBL0046","Timing Belt XL 114","652","","EA",""
"SPMEBL0048","Timing Belt XL 150","652","2","EA",""
"SPMEBL0044","Timing Belt XL 116","652","","EA",""
"SPMEBL0049","Feed Drive Belt D2-1","652","","EA",""
"SPMEBL0038","Conveying Belt NP 4401 9019078 150 x 927 kuning","652","","EA",""
"SPMEBL0145","Timing Belt 120 XL  lebar 9.5 MM","652","","EA",""
"SPMEBL0047","Timing Belt XL 160","652","4","EA",""
"SPMEBL0042","Timing Belt XL 136","652","5","EA",""
"SPMEBL0192","Toothed Belt XL 156","652","4","EA",""
"SPMEBL0220","Toothed Belt 3M - 15","652","","EA",""
"SPMEBL0017","Cotton Conveyor Siegling 3640 x 150 MM Endless","652","","EA",""
"SPMEBL0161","Toothed Belt 8M 50 MM PU Steel Cord","652","3","EA",""
"SPMEBL0139","Belt p/n 2510 301 038","652","","EA",""
"SPSPMD0003","CPU CJ1M-CPU22 Omron","653","","EA",""
"SPSVMD0011","Power Supply Sitop Power 10 6EP1-334-2AA00 Siemens","653","1","EA",""
"SPSVMD0014","Infeed Module 6SN1145-1AA01-0AA2 Siemens","653","1","EA",""
"SPJCMD0005","Power Supply S8JX-G05012C Omron","653","","EA",""
"SPSVMD0032","Simodrive 6SN1118-0NH01-0AA0 Siemens","653","","EA",""
"SPSVMD0002","Analog Output Module 6ES7-432-HF00-0AB0 Siemens","653","1","EA",""
"SPIPMD0003","Power Supply Quint-PS-100-240AC/24DC/10 Phoenix Co","653","1","EA",""
"SPGLCY0001","Actuator with position 120-602","711","","EA",""
"SPGLFP0002","Outlet Air Flap S01 NW 300 (p/n 3.1.1-804710) p/n 3.1.1-804710","711","","EA",""
"SPMEPC0063","Flexible Joint 1255 TOZEN","721","","EA",""
"SPIPSE0001","Sealing Roll Vertical","721","","EA",""
"SPUFSE0001","Forming Mould p/n 91109050037","721","","EA",""
"SPSPSE0007","Sealing Roll Set  dia. 100 x 279","721","","EA",""
"SPYNSE0002","Sealing Roll Horizontal dia. 76","721","","EA",""
"SPIPSE0005","Sealing Horizontal - Right Ilapak 5 Stavax","721","","EA",""
"SPIPSE0006","Sealing Horizontal - Left Ilapak 5 Stavax","721","","EA",""
"SPVPVP0001","Variable Pulley AK124-MA14N Miki Pulley","741","","EA",""
"SPSPSP0003","Variable Speed Pulley Mod 11901 i/n 20771 Lovejoy","741","","EA",""
"SPECSW0006","Switch VDE 0660 400 A","741","","EA",""
"SPJCPU0001","Pulley type A-2 dia. 3"" (76 MM)","741","","EA",""
"SPVPVP0003","Variable Speed Pulley 11.104.05.6.1 Lenze","741","","EA",""
"SPYNYN0005","Variable Speed PE-155-MAT-18H Miki Pulley","741","","EA",""
"SPECFA0002","Cooling Fan p/n 38490-09300","751","","EA",""
"SPECFA0046","Fan Blower  20""","751","","EA",""
"SPECFA0027","Fan Blower 5""","751","","EA",""
"SPVPMO0002","Main Motor EN60034 1LA7073-4AB10 0.37 KW SIEMENS","811","","EA",""
"SPSVMO0004","Servomotor 1FK7042-5AF71-1EB3 SIEMENS","811","","EA",""
"SPWWMO0001","Motor 1.5 KW 380 V 2890 RPM (Vertical Flange)","811","","EA",""
"SPWRMO0001","Motor AEUL out: Ľ HP,0.18KW: 4 Poles: 50HZ, 1359 RPM","811","","EA",""
"SPYNMO0005","Speed Control Motor MSS540-402WE Oriental","811","","EA",""
"SPCNMO0003","Speed Control Motor M91F60PC4TU MNI / Oriental","811","","EA",""
"SPYNMO0007","Motor Oriental 51K60RGU-CFP","811","","EA",""
"SPCNMO0002","Speed Control Motor US540-402E Oriental","811","","EA",""
"SPIPGE0008","Gear Box W63 U D30 30 P80 B14 B3 I=30 Bonfiglioli","811","","EA",""
"SPIPMO0004","Motor Servo with driver MHMD 022PLU 200W Panasonic","811","","EA",""
"SPSPMO0001","Motor Servo R7M-A20030-S1 OMRON","811","","EA",""
"SPGEMO0003","Motor Servo APM-SB02ADK 0.2 KW 5000RPM MECAPION","811","","EA",""
"SPGEMO0004","Servo Drive APM VS02N MECAPION","811","","EA",""
"SPCNMO0005","Speed Control Motor USP 560-2E Oriental ","811","","EA",""
"SPCNMO0004","Speed Control Motor USP 540-2E Oriental","811","","EA",""
"SPSPMO0008","Servo Motor 1FT5044-1AF71-3AA0 (p/n 54934119) Siemens","811","","EA",""
"SPCDMO0004","Motor Stepper PCE 5991 BC Mycom","811","","EA",""
"SPGEMO0013","Servo Drive APD-VS 10EN Mecapien","811","","EA",""
"SPSVMO0005","Vibrator 2600RPM 230/400V 0.3/0.17A 0,09KW Gruemag","811","","EA",""
"SPNDMO0001","Speed Controll Motor US 560 - 502E Oriental","811","","EA",""
"SPTAMO0001","Servo Drive R88D-KT08H 750 Watt Omron","811","","EA",""
"SPTAMO0002","Servo Motor R88M-K75030H-S2 750 Watt Omron","811","","EA",""
"SPMEGE0024","Gear Box NMRV063 I : 20  Motovario","811","","EA",""
"SPWRGE0002","Gear Head HB 203 Ratio 1/35 1/4HP Li Ming","811","","EA",""
"SPKOGE0008","Gear Head 5GN5K Oriental","811","1","EA",""
"SPMEGE0023","Gear Head Motor 4GN18K Oriental","811","","EA",""
"SPMEGE0011","Gear Head 5GU15KB Oriental","811","","EA",""
"SPWRCT0004","Speed Control USP 540-2E","811","","EA",""
"SPSVMO0006","Motor Servo 1FK7042-5AF71-EB3 Siemens","811","","EA",""
"SPJNWR0002","Kawat Seling 8 MM  S/S","821","","EA",""
"SPMEHO0084","Tubing SFT 0860-20-C (20 M) PISCO","821","","EA",""
"SPMEHO0072","Hose 2300 240 V 6ft (p/n 274792) NORDSON","821","","EA",""
"SPECCB0056","Kabel NYYHY 2 x 0.75","821","","EA",""
"SPECCB0011","Kabel NYYHY 4 x 2.5","821","","EA",""
"SPMEHO0095","Hose PE AD 4.3 – p/n 4610003 EBS","821","","EA",""
"SPECCB0059","Spiral Kabel KS-10","821","","EA",""
"SPECCB0060","Spiral Kabel KS-12","821","","EA",""
"SPMEHO0067","Tubing SFT 1075-20-C (20 M) Pisco","821","","EA",""
"SPMEHO0016","Tubing PUN-6x1-Duo Festo","821","","EA",""
"SPYNCB0002","Extension Cable CC03SU05 ORIENTAL","821","","EA",""
"SPTUWR0001","Kawat Seling dia. 6 MM S/S","821","","EA",""
"SPMEHO0106","Spiral Air Hose Orange","821","","EA",""
"SPMEHO0080","Tubing PUN-H-8x1.25-NT Festo","821","","EA",""
"SPMEHO0120","Tubing PUN-H-6x1-NT Festo","821","","EA",""
"SPMEHO0118","Tubing PUN-10 x 1,5 Festo","821","","EA",""
"SPMEHO0045","Air Tubing TU1208  dia. 12 MM  SMC","821","","EA",""
"SPMEHO0126","Fluoropolymer FEP 140 Tube 1005T04 00 25 Legris","821","","EA",""
"SPGLWR0002","Kawat Seling dia. 4 MM S/S","821","","EA",""
"SPMEHO0116","Selang Hydraulic 1/2 R2 Female JIC length 235 MM","821","1","EA",""
"SPMEHO0117","Selang Hydraulic 1/2 R2 Female JIC 1200 MM + Coupling","821","1","EA",""
"SPMEHO0090","Tubing PUN-8 x 1,25 Festo","821","","EA",""
"SPMEHO0086","Tubing PUN-H-8x1,25-BL Festo","821","","EA",""
"SPMETA0012","Spiral Kabel KS-19","821","","EA",""
"SPMETA0018","Spiral Kabel KS-24","821","","EA",""
"SPMEME0008","Diapharm V224TF","831","","EA",""
"SPCMOG0006","Compressor Oil Suniso 3GS","831","","EA",""
"SPCHTM0065","Cutting Fluid Ferrofluid 21495 Tapmatic","831","","EA",""
"SPCHTM0010","WD-40 Liter","831","","EA",""
"SPMEPC0060","Gland Packing 5/8"" PTFE","841","","EA",""
"SPMEPC0085","Gland Packing 3/8"" PTFE","841","","EA",""
"SPMEPC0037","Gland Packing 5/16"" PTFE","841","","EA",""
"SPMEBL0109","V-Belt A-70","911","","EA",""
"SPMEBL0096","V-Belt A-71","911","10","EA",""
"SPMEBL0032","V-Belt A-72","911","6","EA",""
"SPMEBL0105","V-Belt C-75","911","","EA",""
"SPMEBL0097","V-Belt A-77","911","","EA",""
"SPMEBL0110","V-Belt A-78","911","","EA",""
"SPMEBL0099","V-Belt A-80","911","","EA",""
"SPMEBL0087","V-Belt A-87","911","","EA",""
"SPMEBL0037","Belt SPB-1600","911","","EA",""
"SPMEBL0217","Belt 1422 V 270 EB","911","3","EA",""
"SPMEBL0157","Synchronous Belt 340H BANDO","911","","EA",""
"SPMEBL0113","Belt 1422V 300","911","","EA",""
"SPMEBL0035","Belt  First Rope","911","","EA",""
"SPMEBL0114","Timing Belt 25 x 1000","911","","EA",""
"SPMEBL0086","Belt 21 x 1025","911","","EA",""
"SPMEBL0029","Belt Mf 1300 95 x 763 18","911","","EA",""
"SPMEBL0106","Variable Speed Belt 22 / 810060","911","","EA",""
"SPMEBL0060","Belt TXM 5XPA 23601P OPTIBELT","911","","EA",""
"SPMEBL0174","Toothed Belt HTDTP 720 8M.50   (p/n 56531904)","911","","EA",""
"SPMEBL0112","Variable Speed Belt 7F","911","","EA",""
"SPMEBL0085","Variable Speed Belt 25 x 1175","911","","EA",""
"SPMEBL0131","Belt 2026V445EB","911","6","EA",""
"SPMEBL0176","Belt 922 V 484","911","","EA",""
"SPMEBL0088","Multi Speed Belt 2530V x 700","911","","EA",""
"SPMEBL0142","Synchronous Belt 750H lebar 2""","911","2","EA",""
"SPMEBL0001","Belt Roughtop + Profil K10 polos Seperti Contoh (Hijau)","911","8","EA",""
"SPMEBL0184","Toothed Belt HTDTP 1360 8M 20","911","","EA",""
"SPMEBL0199","Variable Speed Belt 2322V364 GATES","911","","EA",""
"SPMEBL0080","V-Belt p/n 45221-09900","911","1","EA",""
"SPMEBL0188","Toothed belt HTD 424 8M 50 Gates","911","5","EA",""
"SPMEBL0177","Timing Belt 28 x 8 x 1250 CONTINENTAL","911","4","EA",""
"SPMEBL0200","Toothed Belt RPP Silver 800 SLV 8 Megadyne","911","4","EA",""
"SPMEBL0079","V-Belt 3V 800 Power Scrum Bando","911","","EA",""
"SPMEBL0084","V-Belt 3V-02-800 (2 Jalur)  Bando","911","6","EA",""
"SPMEBL0197","Toothed Belt 8M 1520 20","911","5","EA",""
"SPMEBL0183","Toothed Belt HTDTP 880 8M 50","911","3","EA",""
"SPMEBL0160","Toothed Belt 8M 560 50 Optibelt","911","","EA",""
"SPMEBL0162","Timing Belt S8M - 376 - 30 MM Contitech","911","","EA",""
"SPMEBL0119","V-Belt A-48","911","7","EA",""
"SPMEBL0075","V Belt SPA 1500 LW Optibelt","911","2","EA",""
"SPMEBL0026","V-Belt A-20","911","4","EA",""
"SPMEBL0118","V-Belt A-26","911","5","EA",""
"SPMEBL0141","V-Belt A-27","911","1","EA",""
"SPMEBL0155","V-Belt B-28","911","6","EA",""
"SPMEBL0116","V-Belt A-33","911","3","EA",""
"SPMEBL0024","V-Belt A-34","921","","EA",""
"SPMEBL0121","V-Belt A-35","921","","EA",""
"SPMEBL0117","V-Belt A-36","911","3","EA",""
"SPMEBL0033","V-Belt A-37","911","8","EA",""
"SPMEBL0156","V-Belt B-37","921","","EA",""
"SPMEBL0123","V-Belt A-38","911","6","EA",""
"SPMEBL0202","V-Belt A 39","911","5","EA",""
"SPMEBL0203","V-Belt A-44","911","2","EA",""
"SPMEBL0104","V-Belt B-48","921","","EA",""
"SPMEBL0091","V-Belt B-49","921","","EA",""
"SPMEBL0103","V-Belt A-50","911","6","EA",""
"SPMEBL0036","V-Belt A-51","911","10","EA",""
"SPMEBL0158","V-Belt B-51","911","3","EA",""
"SPMEBL0125","V-Belt A-53","911","6","EA",""
"SPMEBL0126","V-Belt A-54","911","4","EA",""
"SPMEBL0120","V-Belt A-55","911","7","EA",""
"SPMEBL0115","V-Belt A-60","911","8","EA",""
"SPMEBL0098","V-Belt B-60","921","","EA",""
"SPMEBL0100","V-Belt A-62","921","6","EA",""
"SPMEBL0111","V-Belt C-62","921","","EA",""
"SPMEBL0092","V-Belt A-63","921","","EA",""
"SPMEBL0025","V-Belt C-65","921","","EA",""
"SPMEBL0095","V-Belt A-69","911","6","EA",""
"SPMEBL0034","V-Belt C-69","921","","EA",""
"SPMEBL0057","V-Belt B-87","921","","EA",""
"SPMEBL0031","V-Belt C-97","921","","EA",""
"SPMEBL0027","V-Belt A-104","921","","EA",""
"SPMEBL0056","V-Belt A-29 Optibelt","911","3","EA",""
"SPMEBL0064","V-Belt B-68","911","2","EA",""
"SPECLM0029","Lampu Insect Killer F15P9/BL Mikawa","1011","10","EA",""
"SPECLM0106","Lampu TLD 18W/54 Philips","1011","","EA",""
"SPECLM0026","Lampu Philips 36W / 865-6500 K Cooldaylight","1011","","EA",""
"SPECTF0002","Ballast 181 05 BTA","1111","","EA",""
"SPECTF0003","Ballast 361 05 BTA","1111","","EA",""
"SPECSW0036","Starter S10 PHILLIPS","1111","","EA",""
"SPECLM0033","Lampu Ecotone PL-S 865/2P 9 W Philips","1111","11","EA",""
"SPECLM0030","Lampu Philips 8W 220/240 50/60 Cool Daylight","1111","9","EA",""
"SPECLM0031","Lampu PAR 38 EC  SPOT 12 230V 120W Philips","1111","2","EA",""
"SPMEFT0023","Fitting Lampu TL","1111","","EA",""
"SPECLM0003","Lampu Halogen 150W 230VAC","1111","3","EA",""
"SPECTF0014","Electronic Ballast EB-C 236TL-D 220 V Philips","1111","","EA",""
"SPECLM0049","Lampu Power Tone HP-LN 250W E40","1111","","EA",""
"SPECTF0004","Trafo Mercury UN 220V 50HZ 250W Philips","1111","","EA",""
"SPCMFR0001","Freon R22","1211","2","EA",""
"SPCMFR0006","Freon Reffil R22 (1 Unit : 13.6 KG)","1211","","EA",""
"SPPRMA0057","Material Repair Motor Listrik","1211","","EA",""
"SPSPOG0001","Hydraulic Oil ISO Grade 32/46 - SAE 10","1211","","EA",""
"SPMESL0077","Mechanical Seal dia. 28 MM","1211","","EA",""
"SPCOOG0002","Compressor Oil Airman Long Life","1211","","EA",""
"SPSVOG0004","FMO-350AW White Mineral Oil 10882-060 Lubriplate","1211","","EA",""
"SPCMFR0002","Freon R11","1211","","EA",""
"SPCMFR0005","Freon R407C Dupont","1211","8","EA",""
"SPCMFR0006","Freon Refill R22 (1 Unit : 13.6 KG)","1211","","EA",""
"SPCMFR0009","Freon Refill R22 ISO DuPont (Packaging 13.5 KG)","1211","","EA",""
"SPCMFR0008","Freon Refill R410A Dupont","1211","","EA",""
"SPCMOG0003","Gearbox Oil Iso Grade 460 - SAE 90","1211","","EA",""
"SPSPOG0001","Hydraulic Oil ISO Grade 32/46 - SAE 10","1211","","EA",""
"SPPRMA0057","Material Repair Motor Listrik","1211","","EA",""
"SPYNOG0001","Silicon Oil Super Dubron 500","1211","","EA",""
"SPSMMA0001","Material 5 MM Silicone","1211","","EA",""
"SPCMOG0008","Food Grade Grease Alliance Crystal","1211","","EA",""
"SPCMFR0010","Freon R32 Kuhl","1211","","EA",""
"SPCHTM0043","Hydrochloride (HCL) Acid 30 - 32%","1211","","EA",""
"SPCHTM0044","Soda Caustic Cair","1211","30","EA",""
"SPBMSD0001","SEALENT DOW CORNING CLEAR","1211","17","EA",""
"SPMEMT0020","Differential Pressure Gauge 0-60 Pa Magnehelic","1211","","EA",""
"SPCOOG0003","Compressor Oil Syntetic ISO 68","1211","","EA",""
"SPGELK0009","Magnetic Lock 300-LED Ebelco","1211","","EA",""
"SPECLM0051","Lampu UV HX 02 DDL 155 Watt 240VAC Aquafine","1211","","EA",""
"SPMEFI0097","Catridge Filter 0.5 micron 40"" dia. 2""","1211","","EA",""
"SPJSMO0001","GEARED MOTOR GM-SSYF-RM 0.2KW GEAR RATION 1 : 7.5 MITSUBISHI","1211","2","EA",""
"SPECLM0109","LAMPU TL 9 WATT LED","1211","35","EA",""
"SPMESL0169","Container Seal 73x25,Profil 8x10x25 (id=860mm)","1211","","EA",""
"SPBMSD0002","SEALENT DOW CORNING PUTIH","1211","5","EA",""
"SPCHGS0001","Solar","1311","","EA",""
